﻿# SQL-Front 5.1  (Build 4.16)

/*!40101 SET @OLD_SQL_MODE=@@SQL_MODE */;
/*!40101 SET SQL_MODE='STRICT_TRANS_TABLES,NO_AUTO_CREATE_USER,NO_ENGINE_SUBSTITUTION' */;
/*!40111 SET @OLD_SQL_NOTES=@@SQL_NOTES */;
/*!40103 SET SQL_NOTES='ON' */;
/*!40014 SET @OLD_UNIQUE_CHECKS=@@UNIQUE_CHECKS */;
/*!40014 SET UNIQUE_CHECKS=0 */;
/*!40014 SET @OLD_FOREIGN_KEY_CHECKS=@@FOREIGN_KEY_CHECKS */;
/*!40014 SET FOREIGN_KEY_CHECKS=0 */;


# Host: 127.0.0.1    Database: zpxte
# ------------------------------------------------------
# Server version 5.5.21

USE `zpxte`;

#
# Source for table admininfo
#

DROP TABLE IF EXISTS `admininfo`;
CREATE TABLE `admininfo` (
  `aid` int(11) NOT NULL AUTO_INCREMENT,
  `aname` varchar(100) COLLATE utf8_bin NOT NULL,
  `pwd` varchar(100) COLLATE utf8_bin NOT NULL,
  `tel` varchar(15) COLLATE utf8_bin NOT NULL,
  PRIMARY KEY (`aid`),
  UNIQUE KEY `aname` (`aname`),
  UNIQUE KEY `tel` (`tel`)
) ENGINE=InnoDB AUTO_INCREMENT=2 DEFAULT CHARSET=utf8 COLLATE=utf8_bin;

#
# Dumping data for table admininfo
#

LOCK TABLES `admininfo` WRITE;
/*!40000 ALTER TABLE `admininfo` DISABLE KEYS */;
INSERT INTO `admininfo` VALUES (1,'admin','*84AAC12F54AB666ECFC2A83C676908C8BBC381B1','12345678');
/*!40000 ALTER TABLE `admininfo` ENABLE KEYS */;
UNLOCK TABLES;

#
# Source for table companyinfo
#

DROP TABLE IF EXISTS `companyinfo`;
CREATE TABLE `companyinfo` (
  `cno` int(11) NOT NULL AUTO_INCREMENT,
  `nickname` varchar(100) COLLATE utf8_bin NOT NULL,
  `companyname` varchar(100) COLLATE utf8_bin NOT NULL,
  `companytype` varchar(100) COLLATE utf8_bin NOT NULL,
  `companydescr` varchar(400) COLLATE utf8_bin DEFAULT NULL,
  `companypic` varchar(100) COLLATE utf8_bin DEFAULT 'images/defaultlogo.jpg',
  `pwd` varchar(100) COLLATE utf8_bin NOT NULL,
  `tel` varchar(15) COLLATE utf8_bin NOT NULL,
  `email` varchar(100) COLLATE utf8_bin NOT NULL,
  `status` int(11) DEFAULT NULL,
  PRIMARY KEY (`cno`),
  UNIQUE KEY `nickname` (`nickname`),
  UNIQUE KEY `companyname` (`companyname`),
  UNIQUE KEY `tel` (`tel`),
  UNIQUE KEY `email` (`email`)
) ENGINE=InnoDB AUTO_INCREMENT=1006 DEFAULT CHARSET=utf8 COLLATE=utf8_bin;

#
# Dumping data for table companyinfo
#

LOCK TABLES `companyinfo` WRITE;
/*!40000 ALTER TABLE `companyinfo` DISABLE KEYS */;
INSERT INTO `companyinfo` VALUES (1001,'usc','鍗楀崕澶у','鍏姙楂樻牎',X'E58D97E58D8EE5A4A7E5ADA628E4B8ADE59BBDE6B996E58D97E79C81E8A1A1E998B3E5B882E5A283E58685E585ACE58A9EE9AB98E6A0A129','images/nhdx.jpg','*23AE809DDACAF96AF0FD78ED04B6A265E05AA257','0734-8282553','zs@usc.edu.cn',1);
INSERT INTO `companyinfo` VALUES (1002,'qq','鑵捐','绉佽惀浼佷笟',X'E885BEE8AEAFE4BBA5E68A80E69CAFE4B8B0E5AF8CE4BA92E88194E7BD91E794A8E688B7E79A84E7949FE6B4BBE38082E9809AE8BF87E9809AE4BFA1E58F8AE7A4BEE4BAA4E5B9B3E58FB0E5BEAEE4BFA1E5928C20515120E4BF83E8BF9BE794A8E688B7E88194E7B3BBEFBC8CE5B9B6E58AA9E585B6E8BF9EE68EA5E695B0E5AD97E58685E5AEB9E5928CE7949FE6B4BBE69C8DE58AA1EFBC8CE5B0BDE59CA8E5BCB9E68C87E997B4E38082','images/tencent.jpg','*23AE809DDACAF96AF0FD78ED04B6A265E05AA257','tx1234-5678910','tencent@qq.com',1);
INSERT INTO `companyinfo` VALUES (1003,'huawei','鍗庝负','绉佽惀浼佷笟',X'E58D8EE4B8BAE79A84E684BFE699AFE4B88EE4BDBFE591BDE698AFE68A8AE695B0E5AD97E4B896E7958CE5B8A6E585A5E6AF8FE4B8AAE4BABAE38081E6AF8FE4B8AAE5AEB6E5BAADE38081E6AF8FE4B8AAE7BB84E7BB87EFBC8CE69E84E5BBBAE4B887E789A9E4BA92E88194E79A84E699BAE883BDE4B896E7958CE38082','images/huawei.jpg','*23AE809DDACAF96AF0FD78ED04B6A265E05AA257','hw1234-5678910','hr@huawei.com',1);
INSERT INTO `companyinfo` VALUES (1004,'163','缃戞槗','绉佽惀浼佷笟',X'E7BD91E8819AE4BABAE79A84E58A9BE9878FEFBC8CE4BBA5E7A791E68A80E5889BE696B0E7BC94E980A0E7BE8EE5A5BDE7949FE6B4BBE38082','images/netease.jpg','*23AE809DDACAF96AF0FD78ED04B6A265E05AA257','wy1234-5678910','netease@163.com',1);
INSERT INTO `companyinfo` VALUES (1005,'bilibili','鍝斿摡鍝斿摡','绉佽惀浼佷笟',X'62696C6962696C69E698AFE59BBDE58685E79FA5E5908DE79A84E8A786E9A291E5BCB9E5B995E7BD91E7AB99EFBC8CE8BF99E9878CE69C89E58F8AE697B6E79A84E58AA8E6BCABE696B0E795AAEFBC8CE6B4BBE8B783E79A84414347E6B09BE59BB4EFBC8CE69C89E5889BE6848FE79A845570E4B8BBE38082E5A4A7E5AEB6E58FAFE4BBA5E59CA8E8BF99E9878CE689BEE588B0E8AEB8E5A49AE6ACA2E4B990E38082','images/bilibili.jpg','*23AE809DDACAF96AF0FD78ED04B6A265E05AA257','bl1234-5678910','bd@bilibili.com',1);
/*!40000 ALTER TABLE `companyinfo` ENABLE KEYS */;
UNLOCK TABLES;

#
# Source for table deliveryinfo
#

DROP TABLE IF EXISTS `deliveryinfo`;
CREATE TABLE `deliveryinfo` (
  `dno` int(11) NOT NULL AUTO_INCREMENT,
  `ddate` datetime NOT NULL,
  `pno` int(11) NOT NULL,
  `nickname` varchar(100) COLLATE utf8_bin NOT NULL,
  `companyname` varchar(100) COLLATE utf8_bin NOT NULL,
  `pname` varchar(100) COLLATE utf8_bin NOT NULL,
  `status` int(11) DEFAULT NULL,
  PRIMARY KEY (`dno`)
) ENGINE=InnoDB DEFAULT CHARSET=utf8 COLLATE=utf8_bin;

#
# Dumping data for table deliveryinfo
#

LOCK TABLES `deliveryinfo` WRITE;
/*!40000 ALTER TABLE `deliveryinfo` DISABLE KEYS */;
/*!40000 ALTER TABLE `deliveryinfo` ENABLE KEYS */;
UNLOCK TABLES;

#
# Source for table favorites
#

DROP TABLE IF EXISTS `favorites`;
CREATE TABLE `favorites` (
  `fno` int(11) NOT NULL AUTO_INCREMENT,
  `nickname` varchar(100) COLLATE utf8_bin NOT NULL,
  `pno` int(11) NOT NULL,
  PRIMARY KEY (`fno`),
  KEY `FK_favorites_nickname` (`nickname`)
) ENGINE=InnoDB AUTO_INCREMENT=3 DEFAULT CHARSET=utf8 COLLATE=utf8_bin;

#
# Dumping data for table favorites
#

LOCK TABLES `favorites` WRITE;
/*!40000 ALTER TABLE `favorites` DISABLE KEYS */;
/*!40000 ALTER TABLE `favorites` ENABLE KEYS */;
UNLOCK TABLES;

#
# Source for table joberinfo
#

DROP TABLE IF EXISTS `joberinfo`;
CREATE TABLE `joberinfo` (
  `jno` int(11) NOT NULL AUTO_INCREMENT,
  `nickname` varchar(100) COLLATE utf8_bin NOT NULL,
  `pwd` varchar(100) COLLATE utf8_bin NOT NULL,
  `tel` varchar(15) COLLATE utf8_bin NOT NULL,
  `email` varchar(100) COLLATE utf8_bin NOT NULL,
  `status` int(11) DEFAULT NULL,
  PRIMARY KEY (`jno`),
  UNIQUE KEY `nickname` (`nickname`),
  UNIQUE KEY `tel` (`tel`),
  UNIQUE KEY `email` (`email`)
) ENGINE=InnoDB AUTO_INCREMENT=5 DEFAULT CHARSET=utf8 COLLATE=utf8_bin;

#
# Dumping data for table joberinfo
#

LOCK TABLES `joberinfo` WRITE;
/*!40000 ALTER TABLE `joberinfo` DISABLE KEYS */;
INSERT INTO `joberinfo` VALUES (1,'dq','*1D44F245ED43001D00B7E2E2962682E9313A36F2','17873443012','2675657329@qq.com',1);
/*!40000 ALTER TABLE `joberinfo` ENABLE KEYS */;
UNLOCK TABLES;

#
# Source for table positionsinfo
#

DROP TABLE IF EXISTS `positionsinfo`;
CREATE TABLE `positionsinfo` (
  `pno` int(11) NOT NULL AUTO_INCREMENT,
  `cno` int(11) NOT NULL,
  `companyname` varchar(100) COLLATE utf8_bin NOT NULL,
  `pname` varchar(100) COLLATE utf8_bin NOT NULL,
  `companypic` varchar(100) COLLATE utf8_bin DEFAULT 'images/defaultlogo.jpg',
  `tno` int(11) NOT NULL,
  `price` varchar(100) COLLATE utf8_bin NOT NULL,
  `intro` varchar(400) COLLATE utf8_bin DEFAULT NULL,
  `place` varchar(100) COLLATE utf8_bin DEFAULT NULL,
  `descr` varchar(400) COLLATE utf8_bin DEFAULT NULL,
  `pdate` datetime DEFAULT NULL,
  PRIMARY KEY (`pno`),
  KEY `FK_positionInfo_tno` (`tno`),
  KEY `FK_positionInfo_cno` (`cno`)
) ENGINE=InnoDB AUTO_INCREMENT=35 DEFAULT CHARSET=utf8 COLLATE=utf8_bin;

#
# Dumping data for table positionsinfo
#

LOCK TABLES `positionsinfo` WRITE;
/*!40000 ALTER TABLE `positionsinfo` DISABLE KEYS */;
INSERT INTO `positionsinfo` VALUES (1,1002,'鑵捐','楂樼骇Java鍚庣寮€鍙戝伐绋嬪笀','images/defaultlogo.jpg',1,'10k-12k',X'E8B49FE8B4A3E98791E89E8DE7A791E68A806465766F7073E5B9B3E58FB0E79A84E8A784E58892E8AEBEE8AEA1E5928CE5BC80E58F91E5AE9EE78EB0E5B7A5E4BD9CEFBC8CE58C85E68BACE5A4A7E695B0E68DAEE697A5E5BF97E5B9B3E58FB0E38081E79B91E68EA7E5B9B3E58FB0E38081E69585E99A9CE699BAE883BDE58F91E78EB0E5928CE5AE9AE4BD8DE38081E58886E5B883E5BC8FE887AAE58AA8E58C96E8BF90E7BBB4E5B9B3E58FB0E38081E7BB9FE4B880E8BF90E7BBB4E9858DE7BDAEE4B8ADE5BF83E7AD89EFBC9B0D0AE7A094E7A9B6E5B9B6E5BC95E8BF9BE4B89AE7958C6465766F7073E9A286E58588E68A80E69CAFEFBC8CE6B7B1E585A5E7B3BBE7BB9FE69EB6E69E84E680A7E883BDE4BC98E58C96EFBC8CE68F90E9AB98E7B3BBE7BB9FE79A84E581A5E5A3AEE680A7E5928CE58FAFE794A8E680A7E38082','娣卞湷',X'31EFBC8CE69CACE7A791E58F8AE4BBA5E4B88AE5ADA6E58E86EFBC8CE8AEA1E7AE97E69CBAE58F8AE79BB8E585B3E4B893E4B89AEFBC8C35E5B9B4E4BBA5E4B88AE79BB8E585B3E5B7A5E4BD9CE7BB8FE9AA8CEFBC9B0D0A32E38081E7869FE7BB83E68E8CE68FA16A617661E68A80E69CAFEFBC8CE9809A737072696E6720626F6F74E7AD896A617661E5BC80E58F91E6A186E69EB6E79A84E4BDBFE794A8E5928CE58E9FE79086EFBC9B0D0A33E38081E6B7B1E585A5E79086E8A7A34C696E7578E7B3BBE7BB9FEFBC8CE7869FE6828953514CE8AFADE8A880EFBC8CE69C894D7953514CE79A84E4BDBFE794A8E7BB8FE9AA8CEFBC9B0D0A34E38081E7B2BEE9809AE5A4A7E59E8BE4BA92E88194E7BD914954E69EB6E69E84EFBC8CE69C89E5BEAEE69C8DE58AA1E38081E5A4A7E695B0E68DAEE7B3BBE7BB9FE69EB6E69E84E5BC80E58F91E8838CE699AFEFBC8CE7869FE6828973746F726D2F737061726B2F666C696E6BE6B581E5BC8FE8AEA1E7AE97E380817265646973E380817A6BE380816573E380816B61666B61E7AD89E7ACACE4B889E696B9E5BC80E6BA90E8BDAFE4BBB6E4BC98E58588EFBC9B0D0A35E38081E585B7E69C89E5BE88E5BCBAE79A84E69585E99A9CE68E92E69FA5E883BDE58A9BEFBC8CE69C89E8BE83E5BCBAE79A84E6B29FE9809AE883BDE58A9BEFBC8CE69C89E889AFE5A5BDE79A84E59BA2E9989FE58D8FE4BD9CE7B2BEE7A59EE38082','2021-05-10');
INSERT INTO `positionsinfo` VALUES (2,1002,'鑵捐','web鍓嶇寮€鍙戝伐绋嬪笀','images/defaultlogo.jpg',1,'10k-12k',X'31E38081E8B49FE8B4A3E885BEE8AEAF504347E69CBAE599A8E5ADA6E4B9A0E5B9B3E58FB0E79BB8E585B3E5898DE7ABAFE5BC80E58F91E5B7A5E4BD9CE380820D0A32E38081E8B49FE8B4A3E68EA8E58AA8E5928CE4BC98E58C96E9A1B9E79BAEE78EB0E69C89E79A84E59FBAE7A180E69EB6E69E84E5928CE7BB84E4BBB6E68ABDE8B1A10D0A33E38081E59CA8E79086E8A7A3E4BAA7E59381E4B89AE58AA1E79A84E59FBAE7A180E4B88AEFBC8CE68F90E58D87E4BAA7E59381E79A84E794A8E688B7E4BD93E9AA8C','娣卞湷',X'31E38081332D35E5B9B4E5898DE7ABAFE5BC80E58F91E7BB8FE9AA8CEFBC8CE7869FE7BB83E68E8CE68FA148544D4C2F4353532F4A617661536372697074E59FBAE7A180E79FA5E8AF860D0A32E38081E6B7B1E585A5E79086E8A7A34D56564DE6A186E69EB6EFBC88E5A68272656163742076756520E7AD89EFBC89E58F8AE585B6E79BB8E585B3E68A80E69CAFE6A088EFBC8CE99885E8AFBBE8BF87E5B9B6E79086E8A7A3E79BB8E585B3E6A186E69EB6E6BA90E7A081E69BB4E4BDB30D0A33E38081E7869FE7BB83E68E8CE68FA17765627061636BEFBC8CE6B7B1E585A5E79086E8A7A3E585B6E58E9FE79086E58F8AE585B7E5A487E5A4A7E59E8BE5898DE7ABAFE9A1B9E79BAEE680A7E883BDE4BC98E58C96E7BB8FE9AA8CE88085E4BC98E585880D0A34E38081E7869FE68289E887B3E5B091E4B880E997A8E69C8DE58AA1E7ABAFE5BC80E58F91E8AFADE8A8800D0A35E38081E585B7E69C89E889AFE5A5BDE79A84E59BA2E9989FE58D8FE4BD9CE7B2BEE7A59EEFBC8CE997AEE9A298E58886E69E90E8A7A3E586B3E883BDE58A9BE4BBA5E58F8AE8BE83E5BCBAE79A84E5ADA6E4B9A0E883BDE58A9BE38082E783ADE788B1E5BC80E6BA90E68A80E69CAFEFBC8CE883BDE5A49FE588A9E794A8E5898DE6B2BFE68A80E69CAFE68B93E5AEBDE59BA2E9989FE68A80E69CAFE8A786E9878EEFBC8CE68F90E58D87E7A094E58F91E8B4A8E9878FE5928CE69588E78E87E38082','2021-05-10');
INSERT INTO `positionsinfo` VALUES (3,1003,'鍗庝负','鏁板瓧鍖朓T搴旂敤宸ョ▼甯?','images/defaultlogo.jpg',1,'13k-15k',X'31E38081E69E84E5BBBAE694AFE69291E585ACE58FB8E6B5B7E9878FE38081E5A48DE69D82E4B89AE58AA1E8BF90E4BD9CE79A84E695B0E5AD97E58C96E4BFA1E681AFE7B3BBE7BB9FE58F8AE69E81E887B4E794A8E688B7E4BD93E9AA8CE79A84E5BA94E794A8E4BAA7E59381EFBC8CE68F90E4BE9BE7AE80E6B481E38081E9AB98E69588E38081E4BEBFE68DB7E38081E5AE89E585A8E79A84E695B0E5AD97E58C96E8A385E5A487EFBC8CE68F90E58D87E4B89AE58AA1E69588E78E87E5928CE58A9EE585ACE4BD93E9AA8CEFBC9B0D0A32E38081E68F90E4BE9BE9AB98E69588E38081E7A8B3E5AE9AE38081E5AE89E585A8E79A844954E4BA91E69C8DE58AA1EFBC8CE9809AE8BF87E4BA91E8AEA1E7AE97E68896E5A4A7E695B0E68DAEE59084E7A78DE4B893E4B89AE68A80E69CAFE883BDE58A9BEFBC8CE5AE8CE688904954E4BA91E69C8DE58AA1E4BAA7E59381E68896E8A7A3E586B3E696B9E6A188E79A84E8AEBEE8AEA1E38081E5BC80E58F91E38081E6B58BE8AF95E38081E983A8E7BDB2E7AD89EFBC9B0D0A33E38081E5BC80E5B195E695B0E68DAEE5BBBAE6A8A1E5928CE695B0E68DAEE68C96E68E98E5B7A5E4BD9CEFBC8CE5B9B3E58FB0E690ADE5BBBAE58F8AE5B9B3E58FB0E689A9E5B195E680A7E8AEBEE8AEA1EFBC8CE4B8BAE585ACE58FB8E8BF90E890A5E586B3E7AD96E38081E4BAA7E59381E696B9E59091E38081E99480E594AEE7AD96E795A5E7AD89E68F90E4BE9BE695B0E68DAEE694AFE68C81EFBC9B0D0A34E38081E69E84E5BBBAE585ACE58FB84954E8BF90E890A5E68C87E68CA5E4B8ADE5BF83EFBC8CE8B49FE8B4A3E585B6E8A784E58892E38081E8AEBEE8AEA1E58F8AE8A385E5A487E5B7A5E585B7E7AD89EFBC8CE5AE9EE78EB0E695B0E5AD97E58C96E38081E699BAE883BDE58C96E79A84E9A284E8ADA6E5928CE8BF90E890A5EFBC9BE4BD9CE4B8BA535245E883BDE58A9BE4B8ADE5BF83EFBC8CE8B49FE8B4A3E5B9B6E68C81E7BBADE694B9E8BF9B4954E7B3BBE7BB9FE79A84E9AB98E680A7E883BDE38081E9AB98E58FAFE794A8E38081E58FAFE681A2E5A48DE680A7E38082','涓浗/娣卞湷',X'31E38081E8AEA1E7AE97E69CBAE38081E8BDAFE4BBB6E38081E9809AE4BFA1E38081E794B5E5AD90E38081E887AAE58AA8E58C96E38081E4BFA1E681AFE5AE89E585A8E38081E695B0E68DAEE7BB9FE8AEA1E5ADA6E38081E7BD91E7BB9CE7A9BAE997B4E5AE89E585A8E7AD89E79BB8E585B3E4B893E4B89AE4BC98E58588EFBC9B0D0A32E38081E783ADE788B1E7BC96E7A88BEFBC8CE59FBAE7A180E6898EE5AE9EEFBC8CE7869FE68289E68E8CE68FA1E4BD86E4B88DE99990E4BA8E4A4156412F432B2B2F432F507974686F6E2F4A532F48544D4C2F474FE7AD89E7BC96E7A88BE8AFADE8A880E4B8ADE79A84E4B880E7A78DE68896E695B0E7A78DEFBC8CE69C89E889AFE5A5BDE79A84E7BC96E7A88BE4B9A0E683AFEFBC9B0D0A33E38081E585B7E5A487E78BACE7AB8BE5B7A5E4BD9CE883BDE58A9BE5928CE8A7A3E586B3E997AEE9A298E79A84E883BDE58A9BE38081E59684E4BA8EE6B29FE9809AEFBC8CE4B990E4BA8EE59088E4BD9CEFBC8CE783ADE8A1B7E696B0E68A80E69CAFEFBC8CE59684E4BA8EE680BBE7BB93E58886E4BAABEFBC8CE5969CE6ACA2E58AA8E6898BE5AE9EE8B7B5E38082','2021-05-10');
INSERT INTO `positionsinfo` VALUES (4,1003,'鍗庝负','鑷姩鍖栨帶鍒跺伐绋嬪笀','images/defaultlogo.jpg',1,'13k-15k',X'31E38081E585B7E5A487432B2BE380814323E68896507974686F6EE8BDAFE4BBB6E5BC80E58F91E68A80E883BDE4B98BE4B880EFBC8CE68896E88085E7869FE6828949454336313133312D33E6A087E58786E4B8ADE79A84E887AAE58AA8E58C96E5BC80E58F91E8AFADE8A880E4B98BE4B880EFBC9B0D0A32E38081E69C89E887AAE58AA8E58C96E8AEBEE5A487E68EA7E588B6E7B3BBE7BB9FE8AEBEE8AEA1E38081E5BC80E58F91E68896E8B083E6B58BE7BB8FE9AA8CEFBC8CE7B2BEE9809A5049442FE6A8A1E7B38AE68EA7E588B6E7AD89E5B8B8E794A8E997ADE78EAFE68EA7E588B6E7AE97E6B395EFBC9B0D0A33E38081E69C89E69CBAE599A8E4BABAE38081E68EA7E588B6E58DA1E38081E68EA7E588B6E599A8E5BC80E58F91E58F8AE5BA94E794A8E7BB8FE9AA8CEFBC9B0D0A34E38081E69C89E69CBAE599A8E5ADA6E4B9A0E38081E4BABAE5B7A5E699BAE883BD4149E5BC80E58F91E5BA94E794A8E7BB8FE9AA8CE4BC98E58588E38082','涓浗/娣卞湷',X'31E38081E585B7E5A487432B2BE380814323E68896507974686F6EE8BDAFE4BBB6E5BC80E58F91E68A80E883BDE4B98BE4B880EFBC8CE68896E88085E7869FE6828949454336313133312D33E6A087E58786E4B8ADE79A84E887AAE58AA8E58C96E5BC80E58F91E8AFADE8A880E4B98BE4B880EFBC9B0D0A32E38081E69C89E887AAE58AA8E58C96E8AEBEE5A487E68EA7E588B6E7B3BBE7BB9FE8AEBEE8AEA1E38081E5BC80E58F91E68896E8B083E6B58BE7BB8FE9AA8CEFBC8CE7B2BEE9809A5049442FE6A8A1E7B38AE68EA7E588B6E7AD89E5B8B8E794A8E997ADE78EAFE68EA7E588B6E7AE97E6B395EFBC9B0D0A33E38081E69C89E69CBAE599A8E4BABAE38081E68EA7E588B6E58DA1E38081E68EA7E588B6E599A8E5BC80E58F91E58F8AE5BA94E794A8E7BB8FE9AA8CEFBC9B0D0A34E38081E69C89E69CBAE599A8E5ADA6E4B9A0E38081E4BABAE5B7A5E699BAE883BD4149E5BC80E58F91E5BA94E794A8E7BB8FE9AA8CE4BC98E58588E38082','2021-05-10');
INSERT INTO `positionsinfo` VALUES (5,1004,'缃戞槗','C++寮€鍙戝伐绋嬪笀','images/defaultlogo.jpg',1,'8k-10k',X'31E38081E4BF97E8AF9DE8AFB4E4B887E4B888E9AB98E6A5BCE5B9B3E59CB0E8B5B7EFBC8CE68980E4BBA5E4BAA7E59381E69C8DE58AA1E599A8E7ABAFE5BC80E58F91E5B0B1E4BAA4E7BB99E4BDA0EFBC9B0D0A32E38081E4BF97E8AF9DE8AFB4E6AF8FE4B8AAE7A88BE5BA8FE59198E983BDE698AFE887AAE5B7B1E4BBA3E7A081E79A84E7A798E4B9A6EFBC8CE68980E4BBA5E4BDA0E8A681E6A0B9E68DAEE4BAA7E59381E99C80E6B182E5AE8CE68890E69C8DE58AA1E599A8E7BC96E7A081E38081E6B58BE8AF95E4BBA5E58F8AE69687E6A1A3E7BC96E58699E5B7A5E4BD9CEFBC9B0D0A33E38081E4BF97E8AF9DE8AFB4E69C8DE58AA1E599A8E5B0B1E698AFE68898E69697E5A0A1E59E92EFBC8CE68980E4BBA5E4BDA0E8A681E7BBB4E68AA4E7BABFE4B88AE983A8E7BDB2E69C8DE58AA1EFBC8CE4BF9DE8AF81E69C8DE58AA1E599A8E8B4A8E9878FE5928CE680A7E883BDEFBC9B0D0A34E38081E4BF97E8AF9DE8AFB4E689A9E58585E59FBAE59CB0E698AFE7ACACE4B880E8A681E4B989EFBC8CE68980E4BBA5E5AD98E582A8E696B0E68A80E69CAFE7A094E7A9B6E38081E5BC80E58F91E4B99FE698AFE4BDA0E79A84E8818CE8B4A3EFBC8CE69DA5E99DA0E4BDA0E79A84E881AAE6988EE6898DE699BAE8AEBEE8AEA1E9AB98E680A7E4BBB7E6AF94E79A84E5AD98E582A8E7B3BBE7BB9FE590A7EFBC9B0D0A35E38081E4BF97E8AF9DE8AFB4E4BA91E8AEA1E7AE97E5B091E4B88DE4BA86E68A80E69CAFE694AFE68C81EFBC8CE68980E4BBA5E4BDA0E8A681E4B8BAE5AE83E68F90E4BE9BE9AB98E680A7E4BBB7E6AF94E79A84E695B0E68DAEE5BA93E5928CE5AD98E582A8E8A7A3E586B3E696B9E6A188E38082','鍖椾含',X'E68891E4BBACE5B88CE69C9BE4BDA0EFBC9A0D0A31E38081E4B88DE7AEA1E5ADA6E79A84E698AFE4BB80E4B988E4B893E4B89AEFBC8CE983BDE69C89E4B880E9A297E5AFB9E4BA92E88194E7BD91E697A0E6AF94E783ADE788B1EFBC8CE684BFE6848FE4B8BAE4B98BE4BB98E587BAE79A84E5BF83EFBC9B0D0A32E38081E5B0B1E698AFE5969CE6ACA243E38081432B2BE8BF99E4B8AAE7A88BE5BA8FE8AFADE8A880EFBC8CE8BF98E5B0B1E788B1E68BBFE5AE83E5819AE9A1B9E79BAEE5BC80E58F91EFBC9B0D0A33E38081E5AFB9E7BD91E7BB9CE7BC96E7A88BE69C89E7A094E7A9B6EFBC8CE59FBAE69CACE79A84676462E8B083E8AF95E883BDE58A9BEFBC9FE58685E5AD98E6B384E6BC8FEFBC8CE8B68AE7958CE8AFBBE58699E7AD89E5B8B8E8A781E997AEE9A298EFBC9FE5AFB9E4BDA0E69DA5E8AFB4E983BDE4B88DE698AFE997AEE9A298EFBC9B0D0A34E38081E4BD9CE4B8BAE4B880E4B8AAE4BC98E7A780E79A84E7A88BE5BA8FE59198EFBC8CE69C89E889AFE5A5BDE79A84E69C8DE58AA1E599A8E7ABAFE7BC96E7A88BE883BDE58A9BE5928CE7BC96E7A88BE4B9A0E683AFEFBC8CE79BB8E585B3E6A8A1E59D97E8AEBEE8AEA1E38081E69687E6A1A3E7BC96E58699E983BDE698AFE5B08F63617365EFBC9B0D0A35E38081E58D81E585ABE888ACE6ADA6E889BAE6A0B7E6A0B7E7B2BEE9809AEFBC8CE68E8CE68FA1E5A49AE7BABFE7A88BE5B9B6E58F91E7BC96E7A88BE68A80E69CAFEFBC8CE68E8CE68FA1E59084E7A78DE695B0E68DAEE7BB93E69E84E5928CE7AE97E6B395EFBC9B0D0A36E38081E7869FE6828977696E646F77732F6C696E7578E7BC96E7A88BE78EAFE5A283EFBC8CE5A682E69E9CE69C894D7953514CE5BC80E58F91E7BB8FE9AA8CE982A3E5B0B1E5868D20E5A5BD20E4B88D20E8BF8720E595A6EFBC81EFBC81EFBC81','2021-05-10');
INSERT INTO `positionsinfo` VALUES (6,1004,'缃戞槗','Java寮€鍙戝伐绋嬪笀','images/defaultlogo.jpg',1,'8k-10k',X'31E38081E4BD9CE4B8BAE4B880E4B8AAE69CBAE699BAE79A84E7A88BE5BA8FE59198EFBC8CE4BDA0E99C80E8A681E58699E587BAE4B880E6898BE8A784E88C83E79A84E4BBA3E7A081EFBC8CE5B9B6E4B894E5AE8CE68890E79BB8E5BA94E79A84E68A80E69CAFE69687E6A1A3EFBC9B0D0A32E38081E4BD9CE4B8BAE4B880E4B8AAE4B8A5E8B0A8E79A84E7A88BE5BA8FE59198EFBC8CE4BDA0E99C80E8A681E8B49FE8B4A3E9A1B9E79BAEE68980E69C89E79A84E998B6E6AEB5E680A7E6B58BE8AF95E5928CE5BF85E8A681E79A84E68A80E69CAFE694AFE68C81EFBC8CE794A8E887AAE5B7B1E79A84E58AAAE58A9BE69DA5E5AE9EE78EB0E4B880E4B8AAE4BAA7E59381E4BB8EE99BB6E588B0E4B880E79A84E8BF87E7A88BEFBC9B0D0A33E38081E4BD9CE4B8BAE4B880E4B8AAE5A5BDE5ADA6E79A84E7A88BE5BA8FE59198EFBC8CE4BDA0E99C80E8A681E992BBE7A094E5898DE6B2BFE79A84E68A80E69CAFEFBC8CE4B88DE5A2A8E5AE88E68890E8A784EFBC8CE69C89E683B3E6B395EFBC8CE58A9BE4BA89E7AA81E7A0B4E38082','鍖椾含',X'E68891E4BBACE5B88CE69C9BE4BDA0EFBC9A0D0A31E38081E4B88DE7AEA1E5ADA6E79A84E698AFE4BB80E4B988E4B893E4B89AEFBC8CE983BDE69C89E4B880E9A297E5AFB9E4BA92E88194E7BD91E697A0E6AF94E783ADE788B1EFBC8CE684BFE6848FE4B8BAE4B98BE4BB98E587BAE79A84E5BF83EFBC9B0D0A32E38081E8A18CE8B5B0E6B19FE6B996EFBC8CE99DA0E79A84E5B0B1E698AFE4B880E6898BE5A5BDE79A84E7BC96E7A88BE883BDE58A9BEFBC8CE7B2BEE9809A4A617661E8AFADE8A880EFBC8CE7869FE68289E5B8B8E794A86A326565E69EB6E69E84EFBC8CE7869FE68289537472757473EFBC8C537072696E67EFBC8C48696265726E617465E6A186E69EB6EFBC9B0D0A33E38081E88491E5AD90E781B5E6B4BBEFBC8CE59FBAE7A180E4B99FE5A5BDEFBC8CE7869FE68289556E69782F4C696E7578E7B3BBE7BB9FEFBC8CE7869FE682894A617661E6A0B8E5BF83EFBC8CE99B86E59088EFBC8CE7BD91E7BB9CEFBC8CE5A49AE7BABFE7A88BE7BC96E7A88BEFBC8CE7869FE68289E5B8B8E794A8E7AE97E6B395E4B88EE695B0E68DAEE7BB93E69E84EFBC9B0D0A34E38081E4B99FE8AEB8E5B9B3E697B6E4B88DE8AF9DE797A8EFBC8CE4BD86E980BBE8BE91E6B885E699B0EFBC8CE4B880E99288E8A781E8A180EFBC8CE5928CE59BA2E9989FE79A84E6B29FE9809AE69588E78E87E9AB98EFBC8CE794A8E8A18CE58AA8E59091E68980E69C89E4BABAE5AEA3E5918AE28094E28094E7A88BE5BA8FE59198E4B99FE883BDE5A5BDE5A5BDE8AFB4E8AF9DEFBC9B0D0A35E38081E4B88DE5ADA6E4B9A0E4BC9AE6ADBBE6989FE4BABAEFBC8CE8A18CE8B5B0E79A84E5A5BDE5A587E5BF83EFBC8CE5889BE696B0E6AF94E7A8B3E5A6A5E5AFB9E4BDA0E69DA5E8AFB4E69BB4E585B7E69C89E590B8E5BC95E58A9BEFBC9B0D0A36E38081E5A682E69E9CE4BDA0E8BF98E69C89E8BF87E5A4A7E59E8B4A617661E9A1B9E79BAEE5BC80E58F91E68896E88085E5AE9EE4B9A0E7BB8FE9AA8CEFBC8CE982A3E4B988E5BE88E5A5BDEFBC8CE68891E4BBACE7AD89E79A84E5B0B1E698AFE4BDA0E4BA86E38082','2021-05-10');
INSERT INTO `positionsinfo` VALUES (7,1005,'鍝斿摡鍝斿摡','iOS寮€鍙戝伐绋嬪笀','images/defaultlogo.jpg',1,'10k-12k',X'312E20E58D8FE58AA9E8AEBEE8AEA1E5928CE5BC80E58F914F4756E4B89AE58AA1E79A84694F53E9A1B9E79BAEEFBC9B0D0A322E20E8B49FE8B4A3E58D8FE58AA9E9AB98E8B4A8E9878FE79A84E8AEBEE8AEA1E5928CE7BC96E7A081E38082','涓婃捣',X'312E2032303231E5B18AE88EB7E5BE97E69CACE7A791E58F8AE4BBA5E4B88AE5ADA6E58E86EFBC8CE8AEA1E7AE97E69CBAE7AD89E79BB8E585B3E4B893E4B89AEFBC9B0D0A322E20E783ADE788B1E7BC96E7A88BEFBC8CE69C89E6898EE5AE9EE79A84E8AEA1E7AE97E69CBAE59FBAE7A180E5928CE695B0E68DAEE7BB93E69E84E7AE97E6B395E59FBAE7A180EFBC9B0D0A332E20E8BE83E5A5BDE79A84E4BAA7E59381E6848FE8AF86EFBC8CE684BFE6848FE5B086E4BAA7E59381E69588E69E9CE5819AE4B8BAE5B7A5E4BD9CE69C80E9878DE8A681E79A84E9A9B1E58AA8E59BA0E7B4A0EFBC9B0D0A342E20E69C89694F5320617070E5BC80E58F91E7BB8FE9AA8CE88085E4BC98E58588E38082','2021-05-10');
INSERT INTO `positionsinfo` VALUES (8,1005,'鍝斿摡鍝斿摡','鏁版嵁浠撳簱宸ョ▼甯?','images/defaultlogo.jpg',1,'10k-13k',X'312E20E8B49FE8B4A3E695B0E68DAEE68ABDE58F96E38081E8BDACE68DA2E38081E58AA0E8BDBDEFBC8CE695B0E68DAEE7BBB4E68AA4E7AD89E5B7A5E4BD9CEFBC9B0D0A322E20E5AE8CE68890E4B89AE58AA1E99C80E6B182E58886E69E90E695B4E79086EFBC8CE58886E69E90E6A8A1E59D972FE4B8BBE9A298E79A84E7BC96E7A081E5AE9EE78EB0EFBC9B0D0A332E20E695B0E68DAEE4BB93E5BA93E6A8A1E59E8BE8AEBEE8AEA1E58F8AE4BC98E58C96E5B7A5E4BD9CEFBC9B0D0A342E20E58F82E4B88E45544CE8AEBEE8AEA1E38081E5BC80E58F91E38081E7BBB4E68AA4E68896E9A1B9E79BAEE7AEA1E79086E38082','涓婃捣',X'312E20E7869FE7BB83E68E8CE68FA1E4B8BBE6B581E695B0E68DAEE5BA93E4BDBFE794A8EFBC8CE5A6824F7261636C652F53514C205365727665722F4D7953514CE7AD89E4B880E7A78DE585B3E7B3BBE59E8BE695B0E68DAEE5BA93EFBC9B0D0A322E20E7869FE682894C696E7578E5B9B3E58FB0EFBC8CE4BA86E8A7A35368656C6CE380814A617661E38081507974686F6EE887B3E5B091E4B880E7A78DE8849AE69CACEFBC9B0D0A332E20E8B4A3E4BBBBE5BF83E5BCBAE38081E889AFE5A5BDE79A84E5AFB9E5A496E6B29FE9809AE5928CE59BA2E9989FE58D8FE4BD9CE883BDE58A9BEFBC9B0D0A342E20E695B0E5ADA62FE8AEA1E7AE97E69CBAE79BB8E585B3E4B893E4B89AE69CACE7A791E58F8AE4BBA5E4B88AE5ADA6E58E86E4BC98E58588EFBC9B0D0A352E20E69C894861646F6F702F48697665E5A4A7E695B0E68DAEE5B9B3E58FB0E380814D5050E695B0E68DAEE5BA93E7AD89E5ADA6E4B9A0E7BB8FE9AA8CE4BC98E58588E38082','2021-05-10');
INSERT INTO `positionsinfo` VALUES (9,1002,'鑵捐','璧勬繁鏂囨绛栧垝','images/defaultlogo.jpg',2,'10k-12k',X'E8B49FE8B4A36D6D6FE6898BE6B8B8E589A7E68385E4BBBBE58AA1E6A8A1E59D97E4BD93E9AA8CE8AEBEE8AEA1EFBC8CE79BB8E585B3E7BE8EE69CAFE8B584E6BA90E7BB9FE7ADB9E4B88EE68EA8E8BF9BEFBC9B0D0AE6B8B8E6888FE58CBAE59D97E4B896E7958CE7949FE68081E8AEBEE5AE9AE58F8AE890BDE59CB0E68EA8E8BF9BEFBC9B0D0AE4B88EE6B8B8E6888FE58685E585B3E58DA1E38081E7B3BBE7BB9FE6A8A1E59D97E6B7B1E5BAA6E59088E4BD9CEFBC8CE89E8DE59088E4B896E7958CE8A782E8AEBEE5AE9AE8BF9BE8A18CE4BD93E7B3BBE58C96E69687E6A188E8A1A8E8BEBEEFBC9B','骞垮窞',X'35E5B9B4E4BBA5E4B88AE69687E6A188E7AD96E58892E5B7A5E4BD9CE7BB8FE9AA8CEFBC8CE69C89E5AE8CE695B4E9A1B9E79BAEE7BB8FE9AA8CE88085E4BC98E58588EFBC9B0D0AE889AFE5A5BDE79A84E69687E5AD97E58A9FE5BA95EFBC8CE5AFB9E4BA8EE589A7E68385E7BB93E69E84E58F8A6D6D6FE59381E7B1BBE69585E4BA8BE4BCA0E8BEBEE6898BE6AEB5E69C89E58585E58886E79A84E4BA86E8A7A3EFBC9B0D0AE582A8E5A487E79FA5E8AF86E4B8B0E5AF8CEFBC8CE5AFB9E4B8ADE59BBDE58FA4E4BBA3E58E86E58FB2E69687E58C96E38081E4BEA0E4B989E4BCA0E5A587E69C89E6B7B1E585A5E4BA86E8A7A3EFBC8C6D6D6FE38081727067E7B1BBE8B584E6B7B1E78EA9E5AEB6E4BC98E58588EFBC9B0D0AE5AFB9E4BAA7E587BAE59381E8B4A8E8A681E6B182E9AB98EFBC8CE6B3A8E9878DE7BB86E88A82E68993E7A3A8E4B88EE8BFADE4BBA3EFBC9B0D0AE585B7E5A487E889AFE5A5BDE79A84E68A97E58E8BE883BDE58A9BEFBC8CE8B4A3E4BBBBE5BF83E5BCBAE38081E883BDE5A49FE4B8BBE58AA8E58F91E68CA5E68EA8E8BF9BE4BD9CE794A8EFBC9B0D0AE5ADA6E4B9A0E883BDE58A9BE5BCBAE38081E5BF83E68081E7A7AFE69E81E5BC80E694BEEFBC8CE585B7E69C89E59BA2E9989FE59088E4BD9CE6848FE8AF86E38082','2021-05-10');
INSERT INTO `positionsinfo` VALUES (10,1002,'鑵捐','寰俊灏忕▼搴忔梾娓歌涓氱粡鐞?','images/defaultlogo.jpg',2,'10k-12k',X'E8B49FE8B4A3E5BEAEE4BFA1E5BC80E694BEE5B9B3E58FB0E69785E6B8B8E8A18CE4B89AEFBC8CE9878DE782B9E59BB4E7BB95E699AFE58CBAE79A84E8A7A3E586B3E696B9E6A188E8AEBEE8AEA1E38081E890BDE59CB0E5928CE8BF90E890A5E68EA8E5B9BFE380820D0AE883BDE5A49FE5809FE58AA9E5BC80E694BEE5B9B3E58FB0E883BDE58A9BEFBC8CE4BC98E58C96E794A8E688B7E59CA8E699AFE58CBAE58685E59084E59CBAE699AFE79A84E69C8DE58AA1E4BD93E9AA8CE38081E68F90E58D87E59586E5AEB6E59CA8E699AFE58CBAE58F8AE79BB8E585B3E59CBAE699AFE88C83E59BB4E58685E79A84E59586E4B89AE69588E78E87E38082','骞垮窞',X'E69C8931E5B9B4E4BBA5E4B88AE79BB8E585B3E5B7A5E4BD9CE7BB8FE9AA8CEFBC8CE4BA86E8A7A3E69785E6B8B8E8A18CE4B89AEFBC8CE69C89E79BB8E585B3E8A18CE4B89AE7BB8FE9AA8CE88085EFBC884F5441E38081E888AAE58FB8E38081E699AFE58CBAE38081E98592E5BA97E7AD89EFBC89EFBC8CE8A18CE4B89AE7B3BBE7BB9FE69C8DE58AA1E59586E7BB8FE9AA8CE88085E4BC98E58588EFBC9B0D0AE585B7E69C89E6958FE99490E79A84E99C80E6B182E6B49EE5AF9FE5928CE68ABDE8B1A1E883BDE58A9BEFBC8CE5969CE6ACA2E5889BE696B0E38081E69C89E587BAE889B2E79A84E7A094E7A9B6E58886E69E90E68A80E883BDE38081E7B3BBE7BB9FE6809DE88083E883BDE58A9BEFBC8CE59684E4BA8EE58F91E78EB0E997AEE9A298EFBC8CE5B9B6E883BDE7BB93E59088E695B0E68DAEE7BB99E587BAE4BC98E58C96E5BBBAE8AEAEE5B9B6E68EA8E58AA8E8A7A3E586B3E997AEE9A298EFBC9B0D0AE58D8FE8B083E883BDE58A9BE7AA81E587BAEFBC8CE883BDE5A49FE4B88EE8A18CE4B89AE58685E4B88AE4B88BE6B8B8E8B584E6BA90E58585E58886E58D8FE8B083E59BB4E7BB95E5B9B3E58FB0E79BAEE6A087E7BB84E7BB87E8B584E6BA90EFBC9B0D0AE68A97E58E8BE883BDE58A9BE5BCBAEFBC8CE5819AE4BA8BE4B8BBE58AA8E8AEA4E79C9FEFBC8CE585B7E5A487E4BC98E7A780E79A84E5ADA6E4B9A0E883BDE58A9BE695A2E4BA8EE68C91E68898E38082','2021-05-10');
INSERT INTO `positionsinfo` VALUES (11,1003,'鍗庝负','涓棿浠朵骇鍝佺粡鐞?','images/defaultlogo.jpg',2,'13k-15k',X'312E20E8B49FE8B4A3E4BC81E4B89AE7BAA7E4B8ADE997B4E4BBB6E4BAA7E59381E79A84E99C80E6B182E8B083E7A094E38081E4BAA7E59381E5928CE68A80E69CAFE8A784E58892EFBC8CE6A0B9E68DAEE5AEA2E688B7E99C80E6B182E58F8AE8A18CE4B89AE58F91E5B195E99C80E8A681EFBC8CE8BF9BE8A18CE4BAA7E59381E5889BE696B00D0A322E20E4B88EE5B882E59CBAE58F8AE4BAA7E59381E59BA2E9989FE4B880E8B5B7E6A2B3E79086E5928CE58886E69E90E8A18CE4B89AE79A84E4B8ADE997B4E4BBB6E99C80E6B182EFBC8CE6B7B1E585A5E79086E8A7A3E8A18CE4B89AE59CBAE699AFEFBC8CE7BB93E59088E78EB0E69C89E79A84E4BAA7E59381E883BDE58A9BE588B6E5AE9AE695B4E4BD93E4BAA7E59381E890BDE59CB0E696B9E6A1880D0A332E20E59BB4E7BB95E4B89AE58AA1E79A84E58F91E5B195E38081E4BAA7E59381E58F8AE68A80E69CAFE8A784E58892EFBC8CE6B29FE9809AE5928CE58D8FE8B083E59084E983A8E997A8E8B584E6BA90EFBC8CE7BB84E7BB87E8B7A8E59BA2E9989FE58D8FE4BD9CEFBC8CE9AB98E69588E5AE8CE68890E4BAA7E59381E99C80E6B182E79A84E68EA8E58AA8E4B88EE890BDE59CB0EFBC8CE68C89E69C9FE4BF9DE8B4A8E9A9B1E58AA8E4BAA7E59381E4B88AE7BABF0D0A342E20E6A0B9E68DAEE4BAA7E59381E58F8AE68A80E69CAFE8A784E58892EFBC8CE8BF9BE8A18CE4B89AE58AA1E9A286E59F9FE5BBBAE6A8A1E58886E69E90E38081E58D8FE58AA9E7A094E58F91E4BABAE59198E8BF9BE8A18CE5B9B3E58FB0E69EB6E69E84E8AEBEE8AEA1E38081E68A80E69CAFE696B9E6A188E9A284E7A094E38081E6A0B8E5BF83E6A8A1E59D97E68A80E69CAFE696B9E6A188E8AEBEE8AEA1EFBC8CE5B8A6E9A286E5B08FE7BB84E5908CE5ADA6E5AE9EE78EB0E887AAE5B7B1E68980E8B49FE8B4A3E59F9FE79A84E68A80E69CAFE79BAEE6A087EFBC8CE5B9B6E4B894E5B8A6E9A286E68A80E69CAFE59BA2E9989FE4B880E8B5B7E68890E995BF','鏉窞',X'312E2035E5B9B4E4BBA5E4B88A4954E8A18CE4B89AE7BB8FE9AA8CEFBC8C33E5B9B4E4BBA5E4B88AE4BAA7E59381E68A80E69CAFE8A784E58892E4B88EE69EB6E69E84E8AEBEE8AEA1E7BB8FE9AA8CEFBC8CE69C89E5A4A7E59E8BE5B9B3E58FB0E59E8BE4BAA7E59381E58F8AE7B3BBE7BB9FE890BDE59CB0E7BB8FE9AA8C0D0A322E20E69C89E889AFE5A5BDE79A84E7BB93E69E84E58C96E6809DE7BBB4E5928CE68ABDE8B1A1E6809DE7BBB4EFBC8CE69C89E5A48DE69D82E997AEE9A298E5BBBAE6A8A1E883BDE58A9BE5928CE695B0E68DAEE58886E69E90E883BDE58A9BEFBC8CE883BDE5A49FE58786E7A1AEE585A8E99DA2E59CB0E79086E8A7A3E4B89AE58AA1EFBC8CE58FAFE59FBAE4BA8EE5A48DE69D82E79A84E4B89AE58AA1E59CBAE699AFE8BF9BE8A18CE4BAA7E59381E58F8AE68A80E69CAFE79A84E68ABDE8B1A1E5928CE8AEBEE8AEA1EFBC8CE7869FE68289E9A286E59F9FE9A9B1E58AA8E8AEBEE8AEA1E696B9E6B395EFBC88444444EFBC890D0A332E20E585B7E5A487E7BB84E7BB87E5AE9EE696BDE7B3BBE7BB9FE58886E69E90E38081E7B3BBE7BB9FE69EB6E69E84E8AEBEE8AEA1E38081E7B3BBE7BB9FE8AFA6E7BB86E8AEBEE8AEA1E38081E588B6E5AE9AE697B6E997B4E8AEA1E58892E38081E68A80E69CAFE696B9E6A188E8AEA8E8AEBAE58D8FE8B083E4BBA5E58F8AE9A1B9E79BAEE7AEA1E79086E696B9E99DA2E79A84E883BDE58A9B0D0A342E20E7869FE68289E4B8BBE6B581E4BA91E58E9FE7949FE38081E58886E5B883E5BC8FE58F8AE5BEAEE69C8DE58AA1E5BC80E6BA90E68A80E69CAFE6A186E69EB6EFBC8CE5A682E5AEB9E599A8E380814B756265726E65746573E38081537072696E67436C6F7564E380815265646973E3808152504328E5A682447562626F29E38081E6B688E681AFE9989FE58897E38081E58886E5B883E5BC8F54726163696E67E38081454C4BE7AD890D0A352E20E7869FE68289E4B8BBE6B581E79A84E5AD98E582A8E4B88EE695B0E68DAEE5BA93EFBC8CE5A6824D7953514CE7AD89','2021-05-10');
INSERT INTO `positionsinfo` VALUES (12,1003,'鍗庝负','浜у搧璐熻矗浜?璇剧▼杩涙牎鏂瑰悜','images/defaultlogo.jpg',2,'13k-15k',X'31E38081E8B79FE8B8AAE5B9B6E58886E69E90E8A18CE4B89AE58F91E5B195E8B68BE58ABFE38081E7AB9EE5AFB9E4BAA7E59381E58AA8E68081EFBC8CE5AFB9E4BAA7E59381E58F91E5B195E696B9E59091E68F90E4BE9BE586B3E7AD96E588A4E696ADE5928CE4BE9DE68DAEEFBC9B0D0A32E38081E6B7B1E585A5E5AEA2E688B7E8B083E7A094EFBC8CE6A0B9E68DAEE794A8E688B7E99C80E6B182E59CBAE699AFEFBC8CE58F91E78EB0E4B88EE68C96E68E98E794A8E688B7E99C80E6B182E5928CE7979BE782B9EFBC8CE8AEBEE8AEA1E587BAE6BBA1E8B6B3E794A8E688B7E99C80E6B182E79A84E4BAA7E59381E8A7A3E586B3E696B9E6A188EFBC9B0D0A33E38081E7A7AFE69E81E9AB98E69588E79A84E4B88EE59084E983A8E997A8E58D8FE5908CE59088E4BD9CEFBC8CE5BCBAE58A9BE68EA8E58AA8E4BAA7E59381E890BDE59CB0E5928CE79BAEE6A087E8BEBEE68890EFBC8CE5AFB9E9A1B9E79BAEE7BB93E69E9CE8B49FE8B4A3EFBC9B','鍖椾含',X'31E380813320E5B9B4E4BBA5E4B88AE69599E59FB9E8A18CE4B89AE7BB8FE9AA8CEFBC8CE5AFB9E585ACE7AB8BE6A0A1E79A84E99C80E6B182E5928CE789B9E782B9E69C89E8BE83E6B7B1E79A84E79086E8A7A3EFBC9B0D0A32E38081E69C89E6958FE99490E79A84E6B49EE5AF9FE58A9BE38081E58886E69E90E883BDE58A9BE58F8AE5AEA2E688B7E6849FE79FA5E883BDE58A9BEFBC8CE883BDE5A49FE6958FE99490E79A84E68D95E88EB7E794A8E688B7E4BBB7E580BCE5928CE59586E4B89AE69CBAE4BC9AEFBC9B0D0A33E38081E69C89E8BE83E5BCBAE79A84E9A1B9E79BAEE58F91E5B195E8A784E58892E5B883E5B180E883BDE58A9BE38081E9A1B9E79BAEE890BDE59CB0E38081E997AEE9A298E8A7A3E586B3E883BDE58A9BEFBC8CE5AFB9E9A1B9E79BAEE7BB93E69E9CE8B49FE8B4A3EFBC9B','2021-05-10');
INSERT INTO `positionsinfo` VALUES (13,1004,'缃戞槗','娑堣垂鑰呯鐞嗗煿璁敓','images/defaultlogo.jpg',2,'8k-10k',X'31E38081E4BAA7E59381E4B88AE5B882EFBC88476F20546F204D61726B6574EFBC89E6938DE79B98E6898BEFBC9AE8BF90E7ADB9E5B8B7E5B984E79A84E68E8CE888B5E6898BEFBC8CE4B880E58887E8B584E6BA90E79A84E695B4E59088E88085E38082E789B5E5BC95E4BAA7E59381E696B9E59091EFBC8CE588B6E5AE9AE5B882E59CBAE7AD96E795A5EFBC8CE7AD96E58892E4B88AE5B882E696B9E6A188EFBC8CE8B083E58AA8E6B8A0E98193E38081E99BB6E594AEE38081E890A5E99480E7AD89E4B880E58887E8B584E6BA90EFBC8CE5AE9EE78EB0E7BB88E7ABAFE4BAA7E59381E99480E9878FE5A29EE995BFE38081E5B882E59CBAE7A7A9E5BA8FE58C96E38081E59381E7898CE9AB98E7ABAFE58C96E380820D0A32E38081E99480E594AEE5A4A7E59296EFBC9AE588B6E5AE9AE4BAA7E59381E585A8E6B8A0E98193E99480E594AEE7AD96E795A5E4B88EE8A784E58892EFBC8CE5BC80E68B93E4B88EE690ADE5BBBAE99480E594AEE7BD91E7BB9CEFBC8CE5AE9EE78EB0E99480E594AEE79BAEE6A087E38082E4B88EE59BBDE99985E79FA5E5908DE8BF90E890A5E59586E6B7B1E5BAA6E59088E4BD9CEFBC8CE68896E4B88EE59BBDE58685E5A496E59084E5A4A7E4BBA3E79086E59586E38081E79FA5E5908DE8BF9EE99481E7BB8FE99480E59586E4B880E8B5B7E9A9B0E9AA8BE59586E59CBAEFBC8CE5AE9EE78EB0E99480E594AEE5928CE4BBBDE9A29DE5A29EE995BFEFBC8CE4B88EE59088E4BD9CE4BC99E4BCB4E585B1E8B5A2E38082','鍖椾含',X'E59CA8E8BF99E9878CEFBC8CE79BAEE6A087E69C89E5A49AE5A4A7EFBC8CE8889EE58FB0E5B0B1E69C89E5A49AE5A4A7EFBC810D0A31E38081E4B88DE99990E4B893E4B89AE38082E697A0E8AEBAE7BB8FE6B58EE38081E7AEA1E79086E38081E5B882E59CBAE890A5E99480E38081E5BF83E79086E5ADA6E7AD89E59586E7A791E38081E7A4BEE7A791E7B1BBE4B893E4B89AEFBC8CE8BF98E698AFE9809AE4BFA1E38081E794B5E5AD90E38081E8AEA1E7AE97E69CBAE38081E695B0E5ADA6E38081E789A9E79086E38081E69D90E69699E7AD89E79086E5B7A5E7A791E4B893E4B89AEFBC8CE58FAAE8A681E4BDA0E5AFB9E8BF99E4B8AAE8A18CE4B89A20E58585E6BBA1E783ADE788B1EFBC8CE4B880E58887E79A86E69C89E58FAFE883BDEFBC810D0A32E38081E5ADA6E4B9A0E883BDE58A9BE5BCBAEFBC8CE585B7E5A487E889AFE5A5BDE79A84E6B29FE9809AE883BDE58A9BE5928CE4BABAE99985E8BF9EE68EA5E58A9BEFBC8CE5AF8CE69C89E5889BE696B0E7B2BEE7A59EEFBC9BE585B7E5A487E8BE83E5A49AE6A0A1E59BADE7A4BEE59BA2E68896E7A4BEE4BC9AE5AE9EE8B7B5E7BB8FE9AA8CEFBC9BE68E8CE68FA1E8A5BFE8AFAD2FE6B395E8AFAD2FE891A1E8AFAD2FE998BFE8AFAD2FE4BF84E8AFADE7AD89E5B08FE8AFADE7A78DE9A29DE5A496E58AA0E58886E38082','2021-05-10');
INSERT INTO `positionsinfo` VALUES (14,1004,'缃戞槗','鍏叡鍏崇郴缁忕悊','images/defaultlogo.jpg',2,'8k-10k',X'31E3808120E69C89E69CBAE4BC9AE58F82E4B88EE5AFB9E5AA92E4BD93E5928CE7ACACE4B889E696B9E7949FE68081E7BEA4E4BD93EFBC88E5ADA6E88085E38081E699BAE5BA93E38081E5A4A756E7AD89EFBC89E79A84E4BCA0E692ADE696B9E6A188EFBC8CE7AD96E58892E5AFB9E5A496E4BCA0E692ADE58685E5AEB9E38081E69E84E5BBBAE5B9B6E7AEA1E79086E4BCA0E692ADE6B8A0E98193EFBC8CE5B9B6E69C80E7BB88E689A7E8A18CE5AFB9E5A496E4BCA0E692ADE7AD96E795A5EFBC9B0D0A32E3808120E69C89E69CBAE4BC9AE58F82E4B88EE5BBBAE8AEBEE59BBDE58685E5A496544F50E5AA92E4BD93E5928CE7ACACE4B889E696B9E7949FE68081E585B3E7B3BBEFBC8CE7BB84E7BB87E5AA92E4BD93E68B9CE8AEBFE38081E7AD96E58892E5AA92E4BD93E6B4BBE58AA8EFBC9B0D0A33E3808120E69C89E69CBAE4BC9AE58F82E4B88EE7A4BEE4BAA4E5AA92E4BD93E4BCA0E692ADE7AD96E795A5E588B6E5AE9AEFBC8CE4BCA0E692ADE58685E5AEB9E5889BE6848FE5BC80E58F91E5928CE7A4BEE4BAA4E5AA92E4BD93E5B9B3E58FB0E8BF90E890A5EFBC9B0D0A34E3808120E69C89E69CBAE4BC9AE58F82E4B88EE58DB1E69CBAE4BA8BE4BBB6E5A484E79086E5928CE58DB1E69CBAE585ACE585B3E38082','鍖椾含',X'31E38081E587BAE889B2E79A84E68898E795A5E6809DE7BBB4E38081E694BFE7AD96E6B49EE5AF9FE58A9BE38081E59BBDE99985E58C96E8A786E9878EE5928CE8A5BFE696B9E6809DE7BBB4EFBC9B0D0A32E38081E587BAE889B2E79A84E4BABAE99985E79086E8A7A3E883BDE58A9BE5928CE8B7A8E69687E58C96E4BAA4E6B581E883BDE58A9BEFBC8CE883BDE5A49FE4B88EE4B88DE5908CE7BB84E7BB87E5928CE4B8AAE4BABAE8BF85E9809FE5BBBAE7AB8BE79A84E889AFE5A5BDE79A84E4BFA1E4BBBBE585B3E7B3BBEFBC9B0D0A33E38081E587BAE889B2E79A84E6B29FE9809AE68A80E5B7A7E38081E59BA2E9989FE58D8FE4BD9CE7B2BEE7A59EE5928CE4B9A6E99DA2E58FA3E5A4B4E8A1A8E8BEBEE883BDE58A9BEFBC9B0D0A34E38081E59BBDE58685E5A496E9A1B6E5B096E9AB98E6A0A1E694BFE6B2BBE5ADA6E38081E7A4BEE4BC9AE5ADA6E38081E5BF83E79086E5ADA6E38081E58E86E58FB2E5ADA6E38081E696B0E997BBE5AA92E4BD93E38081E695B0E5ADA6E38081E9809AE4BFA1E38081E8AEA1E7AE97E69CBAE38081E4BABAE5B7A5E699BAE883BDE7AD89E4B893E4B89AE7A195E5A3ABE4BBA5E4B88AE4BC98E58588E88083E89991E38082','2021-05-10');
INSERT INTO `positionsinfo` VALUES (15,1005,'鍝斿摡鍝斿摡','鐢ㄦ埛浜у搧缁忕悊','images/defaultlogo.jpg',2,'10k-12k',X'312E20E8B49FE8B4A3E4B8BBE7AB99E7A7BBE58AA8E7ABAFE794A8E688B7E4BAA7E59381E79A84E7AB9EE59381E58886E69E90E38081E99C80E6B182E692B0E58699E38081E6B581E7A88BE8B79FE8BF9BE5928CE890BDE59CB0EFBC9B0D0A322E2020E6B7B1E585A5E79086E8A7A3E794A8E688B7E99C80E6B182EFBC8CE88083E89991E794A8E688B7E4BD93E9AA8C26E7A4BEE58CBAE4BBB7E580BCEFBC8CE5AE8CE68890E79BB8E585B3E58A9FE883BDE79A84E8AEBEE8AEA1E38081E4B88AE7BABFE38081E4BC98E58C96EFBC9B0D0A332E2020E58D8FE8B083E4BAA7E59381E7A094E58F91E8BF9BE5BAA6EFBC8CE4B88EE59088E4BD9CE59BA2E9989FE7B4A7E5AF86E9858DE59088EFBC8CE58D8FE8B083E68EA8E8BF9BE8BEBEE68890E9A1B9E79BAEE79BAEE6A087E38082','鍖椾含',X'312E2020E69CACE7A791E58F8AE4BBA5E4B88AE5ADA6E58E86EFBC8CE69C89E4BA92E88194E7BD91E5AE9EE4B9A0E7BB8FE9AA8CE4BC98E58588EFBC8CE69C89E7A7BBE58AA8E7ABAFE7A4BEE58CBAE4BAA7E59381E68896E8A786E9A291E4BAA7E59381E5AE9EE4B9A0E7BB8FE9AA8CE4BC98E58588EFBC9B0D0A322E2020E585B7E5A487E4BC98E7A780E79A84E6B29FE9809AE8A1A8E8BEBEE883BDE58A9BE38081E78BACE7AB8BE6809DE88083E588A4E696ADE58A9BEFBC8CE980BBE8BE91E6809DE8B7AFE6B885E699B0E38081E8B4A3E4BBBBE5BF83E5BCBAE38081E69C89E5908CE79086E5BF83EFBC9B0D0A332E2020E5AFB9E4BA92E88194E7BD91E4BAA7E59381E6958FE6849FE38081E5ADA6E4B9A0E883BDE58A9BE5BCBAE38081E59684E4BA8EE68BA5E68AB1E58F98E58C96EFBC8CE5AFB9E696B0E4BA8BE789A9E69C89E8BE83E5BCBAE79A84E5ADA6E4B9A0E98082E5BA94E883BDE58A9BEFBC9B0D0A342E202042E7AB99E6B7B1E5BAA6E4BDBFE794A8E794A8E688B7E4BC98E58588E88083E89991E38082','2021-05-10');
INSERT INTO `positionsinfo` VALUES (16,1005,'鍝斿摡鍝斿摡','娴侀噺浜у搧缁忕悊','images/defaultlogo.jpg',2,'10k-12k',X'312E2020E8B49FE8B4A3E4B8BBE7AB99E68EA8E88D902FE6909CE7B4A2E7AD89E6B581E9878FE58886E58F91E4BAA7E59381E79A84E7AB9EE59381E58886E69E90E38081E99C80E6B182E692B0E58699E38081E6B581E7A88BE8B79FE8BF9BE5928CE890BDE59CB0EFBC9B0D0A322E2020E695B0E68DAEE9A9B1E58AA8EFBC8CE9809AE8BF87E695B0E68DAEE58F91E78EB0E997AEE9A298E38081E68F90E587BAE8A7A3E586B3E696B9E6A188EFBC8CE5AE8CE68890E79BB8E585B3E58A9FE883BDE79A84E8AEBEE8AEA1E38081E4B88AE7BABFE38081E4BC98E58C96EFBC9B0D0A332E2020E58D8FE8B083E4BAA7E59381E7A094E58F91E8BF9BE5BAA6EFBC8CE4B88EE59088E4BD9CE59BA2E9989FE7B4A7E5AF86E9858DE59088E38081E58D8FE8B083E68EA8E8BF9BE8BEBEE68890E9A1B9E79BAEE79BAEE6A087E38082','鍖椾含',X'312E2020E69CACE7A791E58F8AE4BBA5E4B88AE5ADA6E58E86EFBC8CE69C89E4BA92E88194E7BD91E5AE9EE4B9A0E7BB8FE9AA8CE4BC98E58588EFBC8CE69C89E68EA8E88D902FE6909CE7B4A22F4149E7AD89E4BAA7E59381E5AE9EE4B9A0E7BB8FE9AA8CE4BC98E58588EFBC9B0D0A322E2020E585B7E5A487E4BC98E7A780E79A84E6B29FE9809AE8A1A8E8BEBEE883BDE58A9BE38081E78BACE7AB8BE6809DE88083E588A4E696ADE58A9BEFBC8CE980BBE8BE91E6809DE8B7AFE6B885E699B0E38081E8B4A3E4BBBBE5BF83E5BCBAE38081E69C89E5908CE79086E5BF83EFBC9B0D0A332E2020E5AFB9E4BA92E88194E7BD91E4BAA7E59381E6958FE6849FE38081E5ADA6E4B9A0E883BDE58A9BE5BCBAE38081E59684E4BA8EE68BA5E68AB1E58F98E58C96EFBC8CE5AFB9E696B0E4BA8BE789A9E69C89E8BE83E5BCBAE79A84E5ADA6E4B9A0E98082E5BA94E883BDE58A9BEFBC9B0D0A342E202042E7AB99E6B7B1E5BAA6E4BDBFE794A8E794A8E688B7E4BC98E58588E88083E89991E38082','2021-05-10');
INSERT INTO `positionsinfo` VALUES (17,1002,'鑵捐','楂樼骇瑙嗚璁捐甯?','images/defaultlogo.jpg',3,'8k-10k',X'E8B49FE8B4A3E6B8B8E6888FE4BAA7E59381E8BF90E890A5E79A84E5B9B3E99DA2E8A786E8A789E9A38EE6A0BCE588B6E5AE9AEFBC8CE883BDE5A49FE6A0B9E68DAEE6B8B8E6888FE789B9E782B9E689BEE588B0E58F91E58A9BE782B9E5AE8CE68890E8AEBEE8AEA1EFBC8CE585B3E6B3A8E794A8E688B7E58F8DE9A688E4B88EE6B29FE9809AEFBC8CE6A0B9E68DAEE58886E69E90E7BB93E69E9CE68C81E7BBADE4BC98E58C96E8AEBEE8AEA1EFBC9B0D0AE8B49FE8B4A3E6B8B8E6888FE4BAA7E59381E890A5E99480E5889BE6848FE8A786E8A789E8A1A8E78EB0E8AEBEE8AEA1EFBC88E5B9B3E99DA2E380814835E38081E58AA8E68081E8A786E9A291E7AD89EFBC89EFBC8CE9A1B9E79BAEE79A84E8BF90E890A5E7BE8EE69CAFE8AEBEE8AEA1E6B581E7A88BE5928CE696B9E6B395E588B6E5AE9AEFBC9B0D0AE58F82E4B88EE59BA2E9989FE8A786E8A789E4B893E4B89AE5BBBAE8AEBEEFBC8CE58D8FE58AA9E7BBB4E68AA4E59381E7898CE8AEBEE8AEA1E8A784E88C83E38081E8A18DE7949FE59381E8AEBEE8AEA1E58F8AE7BABFE4B88BE690ADE5BBBAE6B4BBE58AA8E79A84E7BE8EE69CAFE68C87E5AFBCE7AD89EFBC9B200D0AE4B88EE8BF90E890A5E983A8E997A8E5AEA1E6A0B8E5A496E58C85E5B9B3E58FB0E79A84E7BE8EE69CAFE7B4A0E69D90E59381E8B4A8EFBC8CE7BB99E4BA88E4B893E4B89AE680A7E68C87E5AFBCEFBC9B0D0AE7BB9FE7ADB9E8A784E58892E6B8B8E6888FE9A1B9E79BAEE58685E5B9B3E99DA2E7B4A0E69D90E8B584E6BA90EFBC8CE8BF9BE8A18CE5889BE6848FE680A7E79A84E696B9E6A188E689A7E8A18CE38082','涓婃捣',X'E4BA94E5B9B4E4BBA5E4B88AE8A786E8A789E8AEBEE8AEA1E4BB8EE4B89AE7BB8FE9AA8CEFBC8CE783ADE788B1E6B8B8E6888FE8A18CE4B89AEFBC8CE7869FE68289E59BBDE58685E38081E5A496E6B8B8E6888FE8A18CE4B89AE58AA8E68081EFBC8CE7B4A7E8B79FE8A786E8A789E6BDAEE6B581EFBC8CE6809DE7BBB4E6B4BBE8B783E683B3E8B1A1E58A9BE4B8B0E5AF8CEFBC8CE695A2E4BA8EE5889BE696B0EFBC9B0D0AE59CA8E6B8B8E6888FE8A786E8A789E8A1A8E78EB0E58A9BE696B9E99DA2E69C89E8BE83E6B7B1E68E8CE68FA1EFBC8CE5AFB9E4B88DE5908CE9A298E69D90E79A84E8A786E8A789E58583E7B4A0E69E84E68890E69C89E7B3BBE7BB9FE8AEA4E79FA5EFBC9B0D0AE883BDE5A49FE4B8BAE6B8B8E6888FE9A1B9E79BAEE8BE93E587BAE8A786E8A789E5889BE6848FE696B9E6A188EFBC8CE7A7AFE69E81E7A094E7A9B6E69C89E69588E79A84E8AEBEE8AEA1E8B68BE58ABFEFBC9B0D0AE8BE83E5BCBAE79A84E79086E8A7A3E58A9BE4B88EE6B29FE9809AE883BDE58A9BEFBC8CE883BDE5A49FE5908CE5B882E59CBAE38081E4BAA7E59381E8BF90E890A5E79BB8E585B3E4BABAE59198E8AEA8E8AEBAE4BAA7E59381E6A0B8E5BF83E4BBB7E580BCE782B9EFBC8CE5B9B6E68F90E4BE9BE69C89E69588E79A84E5889BE6848FE5B9B3E99DA2E8A786E8A789E696B9E6A188EFBC8CE5AE8CE68890E9878DE782B9E79A84E5B9B3E99DA2E8A786E8A789E689A7E8A18CE5B7A5E4BD9CEFBC9B0D0AE889AFE5A5BDE79A84E59BA2E9989FE59088E4BD9CE7B2BEE7A59EEFBC8CE69C89E6BF80E68385E5928CE8B4A3E4BBBBE6849FEFBC8CE5AFB9E4BA8EE8AEBEE8AEA1E69C89E68C81E7BBADE4B88DE696ADE79A84E69BB4E9AB98E8BFBDE6B182EFBC9B0D0AE883BDE689BFE58F97E8BE83E9AB98E5BCBAE5BAA6E79A84E5B7A5E4BD9CE58E8BE58A9BEFBC88E5A682E585B7E5A4875549E8AEBEE8AEA1E38081E58AA8E69588E8AEBEE8AEA1E7AD89E789B9E995BFE4BC98E58588E88083E89991EFBC89','2021-05-10');
INSERT INTO `positionsinfo` VALUES (18,1002,'鑵捐','楂樼骇2D鍦烘櫙鍘熺敾甯?','images/defaultlogo.jpg',3,'8k-10k',X'E8B49FE8B4A3E6B8B8E6888FE4B8ADE59CB0E59BBEE38081E5BBBAE7AD91E7AD89E58E9FE794BBE8AEBEE8AEA1EFBC9B0D0AE8B49FE8B4A3E6B8B8E6888FE4B8ADE59CBAE699AFE6B09BE59BB4E6A682E5BFB5E59BBEEFBC9B0D0AE8B49FE8B4A3E4BC98E58C96E5AEA3E4BCA0E7B4A0E69D90EFBC9B0D0AE8B49FE8B4A3E5A496E58C85E8B584E6BA90E79A84E5AEA1E6A0B8E4BFAEE694B9E38082','涓婃捣',X'35E5B9B4E4BBA5E4B88AE79BB8E585B3E7BB8FE9AA8CEFBC8CE69C89E5AE8CE695B4E79A84E59BBDE99985E58C96E6ACA7E7BE8EE6ACA1E4B896E4BBA3E9A1B9E79BAEE7A094E58F91E7BB8FE9AA8CEFBC9B0D0AE68081E5BAA6E4B8A5E8B0A8EFBC8CE7BE8EE69CAFE58A9FE5BA95E4BC98E7A780EFBC8CE695B4E4BD93E9A38EE6A0BCE68A8AE68EA7E883BDE58A9BE5BCBAEFBC9B0D0AE69C89E4BC98E7A780E79A84E5AEA1E7BE8EE883BDE58A9BEFBC8CE8A786E9878EE5B9BFE99894EFBC8CE7869FE79FA5E59084E7A78DE9A38EE6A0BCE79A84E7BE8EE69CAFE8A1A8E78EB0E8A681E7B4A0EFBC9B0D0AE8AEBEE8AEA1E781B5E6B4BBEFBC8CE8AEBEE8AEA1E6809DE7BBB4E38081E683B3E8B1A1E58A9BE4B8B0E5AF8CEFBC8CE69C89E5BE88E5BCBAE79A84E7BB86E887B4E8A1A8E78EB0E883BDE58A9BEFBC9B0D0AE5B7A5E4BD9CE8AEA4E79C9FE8B49FE8B4A3EFBC8CE69C89E59BA2E9989FE7B2BEE7A59EEFBC8CE6B29FE9809AE883BDE58A9BE9858DE59088E5B7A5E4BD9CE883BDE58A9BE5BCBAEFBC8CE5AFB9E6B8B8E6888FE5BC80E58F91E588B6E4BD9CE69C89E783ADE68385EFBC8CE5AFB9E887AAE5B7B1E4BD9CE59381E69C89E9AB98E5BAA6E8A681E6B182E38082','2021-05-10');
INSERT INTO `positionsinfo` VALUES (19,1003,'鍗庝负','ID涓嶶X璁捐甯?','images/defaultlogo.jpg',3,'10k-12k',X'E68891E4BBACE4B8BBE8A681E99DA2E5AFB9E585A8E79083E9809AE4BFA1E8BF90E890A5E59586EFBC8CE4BC81E4B89AE794A8E688B7EFBC8CE4BBA5E58F8AE5AEB6E5BAADE4B8AAE4BABAE7BB88E7ABAFE4BAA7E59381E5889BE696B0E7AD89E9A286E59F9FE68F90E4BE9BE9AB98E59381E8B4A8E79A84E4BAA7E59381E8AEBEE8AEA1E4B88EE585A8E6B581E7A88BE794A8E688B7E4BD93E9AA8CE380820D0AE4BDA0E5B086E69C89E69CBAE4BC9AE59CA8E4BAA7E59381E5889BE696B0E4B88EE7A094E7A9B6EFBC8CE4BAA7E59381E8AEBEE8AEA1EFBC8CE4BABAE69CBAE5B7A5E5ADA6E4B88EE4BD93E9AA8CEFBC8C434D46E8AEBEE8AEA1E4B88EE7A094E7A9B6EFBC8CE5B9B3E99DA2E58F8AE58C85E8A385E8AEBEE8AEA1EFBC8CE4BBA5E58F8AE5908EE7ABAFE7949FE4BAA7E5AFBCE585A5E7AD89E79BB8E585B3E8818CE4BD8DE5819AE587BAE4BBA4E4BABAE69C9FE5BE85E79A84E68890E5B0B1EFBC8CE5928CE68891E4BBACE4B880E8B5B7E69DA5E794A8E8AEBEE8AEA1E694B9E58F98E7949FE6B4BBE590A7EFBC81','涓浗/涓滆帪',X'31E38081E585B7E69C89E889AFE5A5BDE79A84E8AEBEE8AEA1E4B893E4B89AE58A9FE5BA952CE5928CE5BC80E99894E79A84E8A786E9878EEFBC8CE69C89E58585E58886E79A84E8AEBEE8AEA1E6A188E4BE8BE5928CE4BD9CE59381E59188E78EB0EFBC9B0D0A32E38081E6898BE7BB98E8A1A8E8BEBEE883BDE58A9BE5BCBAEFBC8CE7869FE7BB83E68E8CE68FA150484F544F53484F502F436F72656C447261772F5268696E6F2F50726F4520E7AD89E4B889E7BBB4E980A0E59E8BE8BDAFE4BBB6E5928CE6B8B2E69F93E8BDAFE4BBB6EFBC8CE7869FE68289E59FBAE69CACE79A84E88D89E6A8A1E588B6E4BD9CE696B9E6B395EFBC8CE59FBAE69CACE4BAA7E59381E5B7A5E889BAE79FA5E8AF86EFBC9B0D0A33E38081E783ADE788B1E8AEBEE8AEA1EFBC8CE69C89E4BC98E7A780E79A84E5AEA1E7BE8EEFBC8CE5AFB9E5BDA2E4BD93E585B7E69C89E8BE83E5BCBAE79A84E58F91E695A3E680A7E6809DE7BBB4E5928CE5889BE696B0E883BDE58A9BEFBC8CE5AFB9E8AEBEE8AEA1E69C89E78BACE588B0E79A84E8AEA4E8AF86EFBC9B0D0A34E38081E585B7E69C89E794A8E688B7E58886E69E90E5928CE8B083E7A094E79A84E59FBAE69CACE79FA5E8AF86EFBC8CE883BDE59FBAE4BA8EE794A8E688B7E5928CE5B882E59CBAE58886E69E90E68C96E68E98E8AEBEE8AEA1E59586E4B89AE69CBAE4BC9AE782B9E380820D0A35E38081E69C89E585ACE58FB8E5928CE8AEBEE8AEA1E69CBAE69E84E5AE9EE4B9A0E7BB8FE9AA8CE58F8AE69C89E68890E58A9FE9A1B9E79BAEE6A188E4BE8BE79A84E4BC98E58588E88083E89991EFBC8CE69C89E6B5B7E5A496E4BAA4E6B581E7BB8FE9AA8CE79A84E58AA0E58886E38082','2021-05-10');
INSERT INTO `positionsinfo` VALUES (20,1003,'鍗庝负','纭欢鎶€鏈伐绋嬪笀','images/defaultlogo.jpg',3,'10k-12k',X'E4BDA0E6B8B4E69C9BE68EA5E8A7A6E7B2BEE5A699E79A84E58D95E69DBFE7A1ACE4BBB6E8AEBEE8AEA1E59097EFBC9FE4BDA0E6B8B4E69C9BE8AEA9E4B880E6B581E79A84E58D95E69DBFE7A1ACE4BBB6E4BB8EE4BDA0E6898BE4B8ADE8AF9EE7949FE59097EFBC9FE4BDA0E6B8B4E69C9BE4BDA0E79A84E7A1ACE4BBB6E4BD9CE59381E5BA94E794A8E4BA8EE9809AE4BFA1E8AEBEE5A487E4B8ADEFBC8CE9818DE5B883E4B896E7958CE6AF8FE4B8AAE8A792E890BDE59097EFBC9FE68891E4BBACE6959EE5BC80E68080E68AB1EFBC8CE7AD89E4BDA0E69DA5E5AE9EE78EB0E6A2A6E683B3E380820D0A31E38081E8B49FE8B4A3E58D95E69DBFE7A1ACE4BBB6E585A8E6B581E7A88BE5BC80E58F91EFBC8CE4B8BBE5AFBCE58D95E69DBFE7A1ACE4BBB6E599A8E4BBB6E98089E59E8BE38081E58E9FE79086E59BBEE8AEBEE8AEA1E588B0534456E6B58BE8AF95E79A84E5AE8CE695B4E7A094E58F91E8BF87E7A88BEFBC8CE6BBA1E8B6B3E58A9FE883BDE38081E680A7E883BDE38081E68890E69CACE38081E8B4A8E9878FE7AD89E5A49AE7BBB4E5BAA6E99C80E6B182E79A84E7A094E58F91E8AEBEE8AEA1EFBC9B0D0A32E38081E78BACE7AB8BE5AE8CE68890E7A1ACE4BBB6E7949FE4BAA7E58F8AE7BD91E4B88AE997AEE9A298E58886E69E90E5AE9AE4BD8DE38081E5A496E8B4ADE4BBB6E98089E59E8BE5928CE4BAA7E59381E58C96E8AEBEE8AEA1E38082','鍖椾含',X'31E38081E794B5E5AD90E38081E9809AE4BFA1E38081E887AAE58AA8E58C96E38081E794B5E6B094E5B7A5E7A88BE38081E69CBAE6A2B0E794B5E5AD90E38081E58589E794B5E7AD89E79BB8E585B3E4B893E4B89AE69CACE7A791E58F8AE4BBA5E4B88AE5ADA6E58E86EFBC9B0D0A32E38081E6898EE5AE9EE7A1ACE4BBB6E59FBAE7A180E79FA5E8AF86EFBC8CE7B2BEE9809AE6A8A1E68B9F2FE695B0E5AD97E794B5E8B7AFE58886E69E90E58F8AE8AEBEE8AEA1EFBC8CE585B7E69C89E59FBAE4BA8E41524D2F4453502F46504741E7A1ACE4BBB6E7B3BBE7BB9FE58D95E69DBFE5BC80E58F91E5928CE8B083E8AF95E7BB8FE9AA8CE38081E695B0E5AD972FE6A8A1E68B9FE4BCA0E6849FE599A8E6A380E6B58BE5928CE6A8A1E68B9FE5B08FE4BFA1E58FB7E5A484E79086E58886E69E90E883BDE58A9BE7AD89E68890E58A9FE5AE9EE8B7B5E7BB8FE9AA8CEFBC8CE59CA8E59084E7B1BBE794B5E5AD90E7AB9EE8B59BE4B8ADE88EB7E5BE97E8BF87E5A596E9A1B92CE5B086E4BC9AE8A2ABE4BC98E58588E88083E89991EFBC9B0D0A33E38081E69C89E794B5E69CBAE9A9B1E58AA8E38081E6898BE69CBAE6A8A1E7BB84E9A9ACE8BEBEE9A9B1E58AA8E38081E58F98E9A291E599A8E68EA7E588B6E38081E699BAE883BDE79B91E68EA7E4BAA7E59381E7A1ACE4BBB6E58F8AE5B58CE585A5E5BC8FE7B3BBE7BB9FE7AD89E4BAA7E59381E5AE9EE8B7B5E7BB8FE9AA8CE88085E4BC98E58588EFBC9B0D0A34E38081E5AF8CE69C89E59BA2E9989FE58D8FE4BD9CE7B2BEE7A59EEFBC8CE695A2E4BA8EE689BFE68B85E8B4A3E4BBBBEFBC8CE695A2E4BA8EE68C91E68898E59BB0E99ABEEFBC8CE883BDE689BFE58F97E58E8BE58A9BE38082','2021-05-10');
INSERT INTO `positionsinfo` VALUES (21,1004,'缃戞槗','璧勬繁浜や簰璁捐甯?','images/defaultlogo.jpg',3,'8k-10k',X'31E3808120E4B8BAE7BD91E69893E69C89E695B0E68F90E4BE9BE4BAA4E4BA92E8AEBEE8AEA1E696B9E6A188EFBC8CE68F90E58D8742E7ABAFE794A8E688B7E79A84E4BAA7E59381E4BD93E9AA8CEFBC9B0D0A32E3808120E5928CE794A8E688B7E59CA8E4B880E8B5B7EFBC8CE58D8FE58AA9E6A2B3E79086E4BAA7E59381E99C80E6B182EFBC8CE588B6E4BD9CE4BF9DE79C9FE58E9FE59E8BE58F8AE4BAA4E4BA92E8AFB4E6988EEFBC9B0D0A33E3808120E4B88EE4BAA7E59381E7BB8FE79086E58F8AE68A80E69CAFE4BABAE59198E7B4A7E5AF86E59088E4BD9CEFBC8CE68EA8E58AA8E7ACA6E59088E59CBAE699AF2FE68F90E58D87E69588E78E87E79A84E4BD93E9AA8CE8AEBEE8AEA1EFBC9B0D0A34E3808120E585B3E6B3A8E5B9B6E7A094E7A9B6E7AB9EE59381EFBC8CE58F82E4B88EE794A8E688B7E7A094E7A9B6E5928CE58FAFE794A8E680A7E6B58BE8AF95EFBC8CE68EA8E58AA8E4BAA7E59381E5889BE7AB8BE68896E68F90E58D87EFBC9B0D0A35E3808120E585B7E5A487E8A784E88C83E4B88EE7BB84E4BBB6E6848FE8AF86EFBC8CE58AA9E58A9BE8AEBEE8AEA1E8A784E88C83E79A84E5BBBAE7AB8BE5928CE7BBB4E68AA4EFBC8CE5B9B6E68EA8E58AA8E5AE9EE696BDE890BDE59CB0EFBC9B','鏉窞',X'31E380812033E5B9B4E58F8AE4BBA5E4B88AE4B893E4B89AE4BAA4E4BA92E8AEBEE8AEA1E7BB8FE9AA8CEFBC8CE8AEBEE8AEA1E68896E8AEA1E7AE97E69CBAE79BB8E585B3E69599E882B2E8838CE699AFEFBC9B0D0A32E3808120E7869FE7BB83E8BF90E794A8E7BD91E9A1B5E38081494F53E58F8A416E64726F6964E8AEBEE8AEA1E696B9E6B395EFBC8CE7869FE7BB83E4BDBFE794A8E5B8B8E794A8E58E9FE59E8BE8AEBEE8AEA1E5B7A5E585B7EFBC8CE5AFB95558E8AEBEE8AEA1E69C89E4B893E4B89AE79A84E79FA5E8AF86E8838CE699AFE5928CE4B880E5AE9AE79A84E5AE9EE8B7B5E7BB8FE9AA8CEFBC9B0D0A33E3808120E889AFE5A5BDE79A84E980BBE8BE91E6809DE7BBB4E883BDE58A9BEFBC8CE883BDE5BFABE9809FE79086E8A7A3E4BAA7E59381E99C80E6B182EFBC8CE6A0B9E68DAEE79BAEE6A087E7B3BBE7BB9FE79A84E6A2B3E79086E4BAA7E59381E980BBE8BE91E5B9B6E5BFABE9809FE5AE9EE78EB0E4BAA4E4BA92E7BB86E88A82EFBC9B0D0A34E3808120E889AFE5A5BDE79A84E6B29FE9809AE4BAA4E6B581E5928CE8B7A8E59BA2E9989FE58D8FE4BD9CE883BDE58A9BEFBC8CE7A7AFE69E81E68EA8E58AA8E8AEBEE8AEA1E9A1B9E79BAEEFBC9B','2021-05-10');
INSERT INTO `positionsinfo` VALUES (22,1004,'缃戞槗','楂樼骇浜や簰璁捐甯?','images/defaultlogo.jpg',3,'8k-10k',X'31E3808120E4B8BAE4BC81E4B89AE69C8DE58AA1E4BAA7E59381E68F90E4BE9BE4BAA4E4BA92E8AEBEE8AEA1E696B9E6A188EFBC8CE68F90E58D8742E7ABAFE794A8E688B7E79A84E4BAA7E59381E4BD93E9AA8CEFBC9B0D0A32E3808120E5928CE794A8E688B7E59CA8E4B880E8B5B7EFBC8CE58D8FE58AA9E6A2B3E79086E4BAA7E59381E99C80E6B182EFBC8CE588B6E4BD9CE4BF9DE79C9FE58E9FE59E8BE58F8AE4BAA4E4BA92E8AFB4E6988EEFBC9B0D0A33E3808120E4B88EE4BAA7E59381E7BB8FE79086E58F8AE68A80E69CAFE4BABAE59198E7B4A7E5AF86E59088E4BD9CEFBC8CE68EA8E58AA8E7ACA6E59088E59CBAE699AF2FE68F90E58D87E69588E78E87E79A84E4BD93E9AA8CE8AEBEE8AEA1EFBC9B0D0A34E3808120E585B3E6B3A8E5B9B6E7A094E7A9B6E7AB9EE59381EFBC8CE58F82E4B88EE794A8E688B7E7A094E7A9B6E5928CE58FAFE794A8E680A7E6B58BE8AF95EFBC8CE68EA8E58AA8E4BAA7E59381E5889BE7AB8BE68896E68F90E58D87EFBC9B0D0A35E3808120E585B7E5A487E8A784E88C83E4B88EE7BB84E4BBB6E6848FE8AF86EFBC8CE58AA9E58A9BE8AEBEE8AEA1E8A784E88C83E79A84E5BBBAE7AB8BE5928CE7BBB4E68AA4EFBC8CE5B9B6E68EA8E58AA8E5AE9EE696BDE890BDE59CB0EFBC9B0D0A','鏉窞',X'31E380812033E5B9B4E58F8AE4BBA5E4B88AE4B893E4B89AE4BAA4E4BA92E8AEBEE8AEA1E7BB8FE9AA8CEFBC8CE8AEBEE8AEA1E68896E8AEA1E7AE97E69CBAE79BB8E585B3E69599E882B2E8838CE699AFEFBC9B0D0A32E3808120E7869FE7BB83E8BF90E794A8E7BD91E9A1B5E38081494F53E58F8A416E64726F6964E8AEBEE8AEA1E696B9E6B395EFBC8CE7869FE7BB83E4BDBFE794A8E5B8B8E794A8E58E9FE59E8BE8AEBEE8AEA1E5B7A5E585B7EFBC8CE5AFB95558E8AEBEE8AEA1E69C89E4B893E4B89AE79A84E79FA5E8AF86E8838CE699AFE5928CE4B880E5AE9AE79A84E5AE9EE8B7B5E7BB8FE9AA8CEFBC9B0D0A33E3808120E889AFE5A5BDE79A84E980BBE8BE91E6809DE7BBB4E883BDE58A9BEFBC8CE883BDE5BFABE9809FE79086E8A7A3E4BAA7E59381E99C80E6B182EFBC8CE6A0B9E68DAEE79BAEE6A087E7B3BBE7BB9FE79A84E6A2B3E79086E4BAA7E59381E980BBE8BE91E5B9B6E5BFABE9809FE5AE9EE78EB0E4BAA4E4BA92E7BB86E88A82EFBC9B0D0A34E3808120E889AFE5A5BDE79A84E6B29FE9809AE4BAA4E6B581E5928CE8B7A8E59BA2E9989FE58D8FE4BD9CE883BDE58A9BEFBC8CE7A7AFE69E81E68EA8E58AA8E8AEBEE8AEA1E9A1B9E79BAEEFBC9B','2021-05-10');
INSERT INTO `positionsinfo` VALUES (23,1005,'鍝斿摡鍝斿摡','琛ㄦ儏鍔ㄧ敾甯?','images/defaultlogo.jpg',3,'8k-10k',X'312EE4BDBFE794A8E99DA2E68D95E68A80E69CAFE38081E6B8B8E6888FE5BC95E6938EEFBC8CE588B6E4BD9CE8A792E889B2E8A1A8E68385E58AA8E794BBEFBC88E58C85E68BACE8BF87E59CBAE58AA8E794BBE8A1A8E68385E5928CE6B8B8E6888FE58685E79A84E585B6E4BB96E8A1A8E68385EFBC89E38082','鍖椾含',X'312EE783ADE788B1E6B8B8E6888FEFBC8CE585B3E6B3A83341E6B8B8E6888FE4BD9CE59381E38082E783ADE788B1E58AA8E794BBE5928CE794B5E5BDB1EFBC8CE69C89E79BB8E5BD93E79A84E8A782E78987E9878FE38082E7869FE7BB83E68E8CE68FA1E8A786E590ACE8AFADE8A880EFBC9B0D0A322EE69C89E6898EE5AE9EE79A84E58AA8E794BBE588B6E4BD9CE79086E8AEBAE59FBAE7A180EFBC8CE7869FE7BB83E4BDBFE794A83344534D4158E380816D617961E7AD893344E58AA8E4BD9CE8BDAFE4BBB6EFBC88E8BDAFE4BBB6E4B88DE99990EFBC89EFBC9B0D0A332EE69C89E4B880E5AE9AE79A84E8A1A8E6BC94E883BDE58A9BE4BC98E58588EFBC9B0D0A342EE8BE83E5BCBAE79A84E6B29FE9809AE5928CE59BA2E9989FE9858DE59088E883BDE58A9BEFBC8CE883BDE58786E7A1AEE79086E8A7A3E5AFBCE6BC94E6848FE59BBEEFBC9B0D0A352E20E68A95E98092E7AE80E58E86E9A1BBE5908CE697B6E68F90E4BE9BE4BD9CE59381EFBC8CE6B3A8E6988EE68B85E4BBBBE8818CE8B4A3EFBC8CE58FAFE58F91E98081E4BD9CE59381E69687E4BBB6E68896E68F90E4BE9B42E7AB99E38081596F7574756265E59CA8E7BABFE692ADE694BEE993BEE68EA5EFBC8CE8AFB7E58BBFE9809AE8BF87E7BD91E79B98E59CB0E59D80E68F90E4BAA4E38082','2021-05-10');
INSERT INTO `positionsinfo` VALUES (24,1005,'鍝斿摡鍝斿摡','layout鍔ㄧ敾甯?','images/defaultlogo.jpg',3,'8k-10k',X'312E20E6A0B9E68DAEE4BA8CE7BBB4E58886E9959CE588B6E4BD9C3344E9A284E6BC94E58AA8E794BBEFBC8CE7A1AEE5AE9AE68890E78987E79A84E88A82E5A58FE38081E8BF90E9959CE38081E58AA8E4BD9CE8A1A8E6BC94E5BDA2E5BC8FE4BBA5E58F8AE9959CE5A4B4E79A84E9858DE59088EFBC9B0D0A322E20E59CA8E58AA8E794BBE8BDAFE4BBB6E68896E6B8B8E6888FE5BC95E6938EE4B8ADE5AE8CE68890E9AB98E59381E8B4A8E79A84E9959CE5A4B4E8BF90E58AA8EFBC8CE4B88EE69184E5BDB1E5B888E59088E4BD9CE4BC98E58C96E69184E5BDB1E8A1A8E78EB0E38082','鍖椾含',X'312E20E783ADE788B1E6B8B8E6888FEFBC8CE585B3E6B3A83341E6B8B8E6888FE4BD9CE59381E38082E783ADE788B1E794B5E5BDB1EFBC8CE69C89E79BB8E5BD93E79A84E8A782E78987E9878FE38082E7869FE7BB83E68E8CE68FA1E8A786E590ACE8AFADE8A880EFBC9B0D0A322E20E7869FE7BB83E4BDBFE794A82033444D617820E68896204D61796120E7AD89E58AA8E794BBE588B6E4BD9CE8BDAFE4BBB6EFBC9B0D0A332E20E4B8B0E5AF8CE79A84E683B3E8B1A1E58A9BEFBC8CE5889BE6848FE38081E5AEA1E7BE8EE58F8AE794A8E9959CE5A4B4E8AEB2E69585E4BA8BE79A84E883BDE58A9BEFBC9B0D0A342E20E8BE83E5BCBAE79A84E6B29FE9809AE5928CE59BA2E9989FE9858DE59088E883BDE58A9BEFBC8CE883BDE58786E7A1AEE79086E8A7A3E5AFBCE6BC94E6848FE59BBEEFBC9B0D0A352E20E68A95E98092E7AE80E58E86E9A1BBE5908CE697B6E68F90E4BE9BE4BD9CE59381EFBC8CE6B3A8E6988EE68B85E4BBBBE8818CE8B4A3EFBC8CE58FAFE58F91E98081E4BD9CE59381E69687E4BBB6E68896E68F90E4BE9B42E7AB99E38081596F7574756265E59CA8E7BABFE692ADE694BEE993BEE68EA5EFBC8CE8AFB7E4B88DE8A681E9809AE8BF87E7BD91E79B98E59CB0E59D80E68F90','2021-05-10');
INSERT INTO `positionsinfo` VALUES (25,1002,'鑵捐','鍏夊瓙鍔╃悊HR','images/defaultlogo.jpg',4,'6k-10k',X'31E38081E8B49FE8B4A3E885BEE8AEAFE79BB8E585B3E983A8E997A84852E697A5E5B8B8E4BA8BE58AA1E680A7E5B7A5E4BD9CE38081E8BF90E890A5E680A7E58F8AE4BE8BE8A18CE680A7E5B7A5E4BD9CE79A84E890BDE59CB0E4B88EE8BF90E890A5EFBC9B0D0A32E38081E58D8FE58AA94250E8BF9BE8A18CE983A8E997A8E9858DE5A597E69CBAE588B6E890BDE59CB0E38081E4BABAE6898DE7AEA1E79086E38081E59BA2E9989FE58F91E5B195E4B88EE6BF80E58AB1E38081E7BB84E7BB87E6B09BE59BB4E5BBBAE8AEBEE7AD89E59084E9A1B9E4BABAE58A9BE8B584E6BA90E7AEA1E79086E5B7A5E4BD9CE79A84E68EA8E8BF9BE58F8AE7BBB4E68AA4EFBC9B0D0A33E38081E4BA86E8A7A3E68980E8B49FE8B4A3E983A8E997A8E4B89AE58AA1E4B88EE4BABAE59198E59FBAE7A180E78AB6E586B5EFBC8CE5BFABE9809FE5938DE5BA94E99C80E6B182EFBC8CE58F91E78EB0E997AEE9A298E58F8AE697B6E5819AE5A5BDE58F8DE9A688E6B29FE9809AEFBC9B0D0A34E38081E585B6E4BB964852E9A1B9E79BAEE59CA8E4B89AE58AA1E7ABAFE890BDE59CB0E38082','娣卞湷',X'31E38081E7BB9FE68B9BE585A8E697A5E588B6E69CACE7A791E58F8AE4BBA5E4B88AE5ADA6E58E86EFBC9B0D0A32E3808131E5B9B4E4BBA5E4B88AE5B7A5E4BD9CE7BB8FE9AA8CEFBC8CE8BE83E5A5BDE79A84E4B893E4B89AE58A9FE5BA95EFBC8CE69C89E59FBAE7A180E79A84E4B89AE58AA1E79086E8A7A3E58A9BE5928CE695B0E68DAEE58886E69E90E883BDE58A9BEFBC9BEFBC88E4BABAE58A9BE8B584E6BA90E79BB8E585B3E5B7A5E4BD9CE7BB8FE9AA8CE4BC98E58588EFBC89E380820D0A33E38081E8BE83E5A5BDE79A84E79A84E5ADA6E4B9A0E883BDE58A9BE38081E6B29FE9809AE58D8FE8B083E5928CE887AAE68891E9A9B1E58AA8E883BDE58A9BEFBC9BE889AFE5A5BDE79A84E5A49AE4BBBBE58AA1E38081E5A49AE8A792E889B2E5B9B3E8A1A1E883BDE58A9BE38082E8BE83E5A5BDE79A84E68A97E58E8BE883BDE58A9BEFBC9B0D0A34E38081E4B8BAE4BABAE6ADA3E79BB4E69C89E99FA7E680A7EFBC8CE7A7AFE69E81E4B8BBE58AA8EFBC8CE8BE83E5BCBAE79A84E8B4A3E4BBBBE5BF83E5928CE59088E4BD9CE68081E5BAA6','2021-05-10');
INSERT INTO `positionsinfo` VALUES (26,1002,'鑵捐','浜哄姏瑙勫垝鍒嗘瀽甯?','images/defaultlogo.jpg',4,'8k-10k',X'31E38081E4BD9CE4B8BAE99B86E59BA2434F45EFBC8CE58F82E4B88EE885BEE8AEAFE5AD90E585ACE58FB8E7AEA1E79086E4BD93E7B3BBE4BC98E58C96E9A1B9E79BAEEFBC8CE8BE93E587BAE9A1B6E5B182E7AEA1E79086E79086E5BFB5E58F8AE9858DE5A597E5B7A5E585B7EFBC8CE5BBBAE7ABA0E5BBBAE588B6EFBC8CE5B9B6E890BDE5AE9EE59CA8E585B7E4BD93E6B581E7A88BE4B88AEFBC8CE68C81E7BBADE8B58BE883BD4247E58F8AE5AD90E585ACE58FB80D0A32E38081E8B49FE8B4A3E5AD90E585ACE58FB84843E58F8AE4BABAE58A9BE68890E69CACE7AEA1E79086EFBC8CE5BBBAE7AB8BE8B584E6BA90E68A95E585A5E586B3E7AD96E6A8A1E59E8BEFBC8CE59FBAE4BA8EE4B8A5E8B0A8E79A84E4BA8BE5898D2DE4BA8BE5908EE7AEA1E79086EFBC8CE68EA8E58AA8E8B584E6BA90E68A95E4BAA7E4BC98E58C96E38081E9998DE69CACE5A29EE695880D0A33E38081E88194E58AA8E58685E983A8E5A49AE4B8AAE8818CE883BDE59BA2E9989FEFBC8CE68EA8E58AA8E585ACE58FB8E5B182E99DA2E9A1B9E79BAEE69C89E69588E890BDE59CB0','娣卞湷',X'312E20E7A195E5A3ABE58F8AE4BBA5E4B88AE5ADA6E58E86EFBC8C32E5B9B4E4BBA5E4B88AE79FA5E5908DE592A8E8AFA2E585ACE58FB8E68896E99B86E59BA2E59E8BE585ACE58FB8E680BBE983A8E5B7A5E4BD9CE7BB8FE9AA8CEFBC8CE59CA8E99B86E59BA2E7AEA1E68EA7E38081E7BB84E7BB87E58F91E5B195E38081E4BABAE58A9BE68890E69CACE9A284E7AE97E38081E4BABAE58A9BE8A784E58892E7AD89E79BB8E585B3E9A286E59F9FE69C89E4B880E4BA9BE7BB8FE9AA8C0D0A322EE8BE83E5A5BDE7B3BBE7BB9FE680A7E6809DE7BBB4E38081E59684E4BA8EE58886E69E90E38081E68F90E782BCE680BBE7BB93EFBC8CE889AFE5A5BDE79A84E68385E59586E38081E6B29FE9809AE58D8FE8B083E883BDE58A9B','2021-05-10');
INSERT INTO `positionsinfo` VALUES (27,1003,'鍗庝负','浜哄姏璧勬簮涓撳憳','images/defaultlogo.jpg',4,'8k-12k',X'31E3808120E4BDA0E698AFE4BABAE58A9BE8B584E6BA90E7AEA1E79086E79086E8AEBAE79A84E68EA2E7B4A2E88085EFBC8CE4B8BAE585ACE58FB8E7AEA1E79086E5AE9EE8B7B5E68F90E4BE9BE5889BE696B0E6809DE683B3E5928CE79086E8AEBAE694AFE69291EFBC9B0D0A32E3808120E4BDA0E698AFE585ACE58FB8E4BABAE58A9BE8B584E6BA90E694BFE7AD96E79A84E588B6E5AE9AE5928CE68EA8E8A18CE88085EFBC8CE4BABAE58A9BE8B584E6BA90E4B893E4B89AE883BDE58A9BE79A84E5BBBAE8AEBEE88085E5928CE68F90E58D87E88085EFBC9B0D0A33E3808120E4BDA0E698AFE585ACE58FB8E4B89AE58AA1E79A84E68898E795A5E4BC99E4BCB4EFBC8CE68F90E4BE9BE9A286E58588E79A84E4BABAE58A9BE8B584E6BA90E696B9E6B395E8AEBAE5928CE8A7A3E586B3E696B9E6A188EFBC8CE9A9B1E58AA8E7BB84E7BB87E5928CE4BABAE59198E883BDE58A9BE68F90E58D87EFBC8CE58AA9E58A9BE4B89AE58AA1E68C81E7BBADE68890E58A9FEFBC9B0D0A34E3808120E4BDA0E698AFE585ACE58FB8E6A0B8E5BF83E4BBB7E580BCE8A782E79A84E4BCA0E689BFE88085EFBC8CE7BBA7E689BFE5928CE58F91E689ACE585ACE58FB8E4BC81E4B89AE69687E58C96EFBC8CE58E9AE7AD91E585ACE58FB8E59FBAE4B89AE995BFE99D92E79A84E69687E58C96E59FBAE59BA0EFBC9B0D0AE8BF99E5B0B1E698AFE58D8EE4B8BAE79A844852EFBC8CE58AA0E585A5E68891E4BBACEFBC8CE4B88EE6A2A6E683B3E5908CE8A18CEFBC8CE69E84E5BBBAE4B887E789A9E4BA92E88194E79A84E699BAE883BDE4B896E7958CEFBC81','骞垮窞',X'31E3808120E4BABAE58A9BE8B584E6BA90E7AEA1E79086E38081E5BF83E79086E5ADA6E79BB8E585B3E4B893E4B89AE4BC98E585882C20E68E8CE68FA1E79BB8E585B3E79086E8AEBAE79FA5E8AF86E5928CE7A094E7A9B6E696B9E6B395EFBC9B0D0A32E3808120E88BB1E8AFADE590ACE8AFB4E8AFBBE58699E6B581E588A9EFBC8CE58FAFE4BD9CE4B8BAE5B7A5E4BD9CE8AFADE8A880EFBC9B0D0A33E3808120E585B7E5A487E889AFE5A5BDE79A84E6B29FE9809AE38081E58D8FE8B083E5928CE8A7A3E586B3E997AEE9A298E79A84E883BDE58A9BEFBC8CE4BBA5E58F8AE69687E5AD97E8A1A8E8BEBEE883BDE58A9BEFBC9B0D0A34E38081E5BF97E5AD98E9AB98E8BF9CE38081E5BF83E68080E6A2A6E683B3E38081E8849AE8B88FE5AE9EE59CB0EFBC8CE883BDE5A49FE59CA8E4B88DE5908CE59BBDE5BAA6E4B88DE5908CE69687E58C96E4B8ADE68EA5E58F97E68C91E68898E5B9B6E68890E995BFE38082','2021-05-10');
INSERT INTO `positionsinfo` VALUES (28,1003,'鍗庝负','绉樹功','images/defaultlogo.jpg',4,'10k-12k',X'E8AEA9E4B89AE58AA1E69BB4E8819AE784A6EFBC8CE8AEA9E7BB84E7BB87E69BB4E6B8A9E69A96EFBC8CE8AEA9E88194E68EA5E69BB4E9A1BAE79585EFBC810D0AE38090E4B8BBE7AEA1E697A5E5B8B8E4BA8BE58AA1E7AEA1E79086E5928CE5B7A5E4BD9CE585B3E7B3BBE79A84E69C89E69588E7BBB4E68AA4E380910D0AE59088E79086E5AE89E68E92E4B8BBE7AEA1E79A84E697A5E7A88B2FE8A18CE7A88BEFBC88E4BC9AE8AEAEE38081E68EA5E5BE85E38081E587BAE5B7AEE7AD89EFBC89EFBC8CE5B8AEE58AA9E4B8BBE7AEA1E7AEA1E79086E697B6E997B4EFBC8CE8819AE784A6E4B8BBE4B89AE58AA1EFBC9BE69C89E69588E7BBB4E68AA4E4B8BBE7AEA1E58685E5A496E983A8E5B7A5E4BD9CE585B3E7B3BBE380820D0AE38090E58D8FE58AA9E4B89AE58AA1E68EA8E8BF9BE58F8AE4BBBBE58AA1E8B79FE8B8AAE380910D0AE4B8BBE7AEA1E7AEA1E79086E4BC9AE8AEAEE79A84E7BB84E7BB87E38081E7BAAAE8A681E8BE93E587BAE38081E4BC9AE8AEAEE586B3E8AEAEE79A84E890BDE5AE9EE58F8AE8B79FE8BF9BEFBC9BE8B79FE8B8AAE9878DE782B9E7AEA1E79086E4B89AE58AA1E8BF9BE5B195EFBC8CE68EA8E8BF9BE79BB8E585B3E5B7A5E4BD9CE69C89E69588E8BF9BE8A18CE380820D0AE38090E58AA9E58A9BE9AB98E7BBA9E69588E59BA2E9989FE5BBBAE8AEBEE5928CE6B4BBE58A9BE6B09BE59BB4E890A5E980A0E380910D0AE8B4B4E8BF91E4B89AE58AA1E5928CE59198E5B7A5EFBC8CE58D8FE58AA9E68980E59CA8E7BB84E7BB87E890A5E980A0E69C89E6B4BBE58A9BE69C89E6B8A9E5BAA6E79A84E59BA2E9989FE5B7A5E4BD9CE78EAFE5A283E5928CE6B09BE59BB4EFBC8CE58AA9E58A9BE9AB98E7BBA9E69588E59BA2E9989FE5BBBAE8AEBEE380820D0AE38090E68EA8E58AA8E7BB84E7BB87E8BF90E4BD9CE69588E78E87E68F90E58D87E380910D0AE5819AE5A5BDE697A5E5B8B8E4BFA1E681AFE6B29FE9809AE4B88EE4BCA0E98092E38081E585ACE69687E7AEA1E79086E7AD89E5B7A5E4BD9CEFBC8CE4BF83E8BF9BE7BB84E7BB87E9AB98E69588E8BF90E4BD9CE38082','骞垮窞',X'E4B893E4B89AE38081E699BAE685A7E38081E9AB98E69588E38081E6B8A9E69A960D0A31E38081E69CACE7A791E5ADA6E58E86EFBC8CE4B893E4B89AE4B88DE99990EFBC9B0D0A32E38081E88BB1E8AFADE590ACE8AFB4E8AFBBE58699E6B581E588A9EFBC8C434554E585ADE7BAA7E4BC98E58588EFBC9B0D0A33E38081E883BDE5A49FE7869FE7BB83E6938DE4BD9C4F6666696365E58A9EE585ACE8BDAFE4BBB6E7AD89E695B0E5AD97E58C96E58A9EE585ACE5B7A5E585B7EFBC9B0D0A34E38081E585B7E69C89E8BE83E5A5BDE79A84E69C8DE58AA1E6848FE8AF86E5928CE4BAB2E5928CE58A9BE38081E59684E4BA8EE5ADA6E4B9A0EFBC8CE4B990E4BA8EE68C91E68898EFBC9B0D0A35E38081E8BE83E5BCBAE79A84E6B29FE9809AE58F8AE7BB84E7BB87E7AD96E58892E883BDE58A9BEFBC8CE69C89E5A4A7E59E8BE6B4BBE58AA8E7AD96E58892E7BB8FE9AA8CE88085E4BC98E58588E38082','2021-05-10');
INSERT INTO `positionsinfo` VALUES (29,1004,'缃戞槗','鏁版嵁鍒嗘瀽甯?','images/defaultlogo.jpg',4,'8k-13k',X'31E38081E8B49FE8B4A3E4BABAE58A9BE8B584E6BA90E4B89AE58AA1E79A84E695B0E68DAEE58886E69E90E5B7A5E4BD9CEFBC8CE99C80E6B182E8B083E7A094E38081E695B0E68DAEE58886E69E90E68C96E68E98E38081E68AA5E8A1A8E68AA5E5918AE588B6E4BD9CE380820D0A32E38081E7BB93E59088E4B89AE58AA1E79BAEE6A087EFBC8CE690ADE5BBBAE4BABAE58A9BE8B584E6BA90E7AEA1E79086E68C87E6A087E4BD93E7B3BBEFBC9BE7BB93E59088E7BB84E7BB87E38081E4BABAE6898DE7AD89E4B8BBE9A298E8BF9BE8A18CE58886E69E90E6A8A1E59E8BE5BBBAE8AEBEE380820D0A33E38081E883BDE5A49FE4B88EE4B89AE58AA1E696B9E6B29FE9809AEFBC8CE4BB8EE695B0E68DAEE8A792E5BAA6E78BACE7AB8BE58886E69E90E4B89AE58AA1E4B8ADE5AD98E59CA8E79A84E997AEE9A298EFBC8CE68F90E587BAE58FAFE689A7E8A18CE79A84E5BBBAE8AEAEEFBC8CE68EA8E8BF9BE4B89AE58AA1E69BB4E5A5BDE58F91E5B195E380820D0A34E38081E585B7E69C89E695B0E68DAEE7A791E5ADA6E79BB8E585B3E79FA5E8AF86EFBC8CE883BDE5A49FE59CA8E4B89AE58AA1E99C80E6B182E4B8ADE8BF9BE8A18CE7AE97E6B395E5BA94E794A8E38082','鏉窞',X'31E38081E69CACE7A791E4BBA5E4B88AE5ADA6E58E86EFBC8CE7BB9FE8AEA1E5ADA62FE7BB8FE6B58EE5ADA62FE8AEA1E7AE97E69CBAE7AD89E79BB8E585B3E4B893E4B89AE380820D0A32E3808132E5B9B4E4BBA5E4B88AE695B0E68DAEE5B7A5E4BD9CE7BB8FE9AA8CEFBC8CE585B7E5A487E980BBE8BE91E58886E69E90E883BDE58A9B26E58FAFE8A786E58C96E585B7E8B1A1E8A1A8E8BEBEE883BDE58A9BEFBC9B0D0A33E38081E68E8CE68FA168697665E3808153514CE7AD89E79BB8E585B3E695B0E68DAEE68F90E58F96E5B7A5E585B7EFBC8CE7869FE7BB83E4BDBFE794A8457863656CE3808153505353E38081505054EFBC8CE883BDE5A49FE4BDBFE794A8707974686F6EE6889652E7AD89E5BC80E58F91E8AFADE8A880EFBC9B0D0A34E38081E695B0E68DAEE9A9B1E58AA8EFBC8CE4B89AE58AA1E5AFBCE59091EFBC8CE585B7E5A487E889AFE5A5BDE79A84E6B29FE9809AE883BDE58A9BE5928CE59BA2E9989FE58D8FE4BD9CE7B2BEE7A59EEFBC8CE69C89E78BACE7AB8BE5BC80E5B195E58886E69E90E7A094E7A9B6E9A1B9E79BAEE7BB8FE9AA8CEFBC9B0D0A35E38081E69C89E4BABAE58A9BE8B584E6BA90E9A286E59F9FE592A8E8AFA2E38081E695B0E68DAEE58886E69E90E7BB8FE9AA8CE79A84E4BC98E58588E38082','2021-05-10');
INSERT INTO `positionsinfo` VALUES (30,1004,'缃戞槗','璧勬繁HRBP','images/defaultlogo.jpg',4,'6k-10k',X'31E38081E6B7B1E585A5E79086E8A7A3E983A8E997A8E4B89AE58AA1E5928CE68898E795A5E58F91E5B195E8A784E58892EFBC8CE5AFB9E4B89AE58AA1E8BF9BE8A18CE7BB84E7BB87E8AF8AE696ADEFBC8CE4B8BAE4B89AE58AA1E983A8E997A8E79A84E58F91E5B195E68F90E4BE9BE5BBBAE8AEAEE5B9B6E58F82E4B88EE5AE9EE696BDEFBC9B0D0A32E38081E4B8BAE4B89AE58AA1E58F91E5B195E68F90E4BE9BE4BABAE58A9BE8B584E6BA90E4B893E4B89AE694AFE68C81EFBC8CE59CA8E4BABAE6898DE79B98E782B9E5928CE59FB9E585BBE38081E7AEA1E79086E4BABAE59198E58F91E5B195E38081E59BA2E9989FE5BBBAE8AEBEE7AD89E696B9E99DA2E4B8BAE983A8E997A8E68F90E4BE9BE69C89E69588E79A84E8A7A3E586B3E696B9E6A188E5B9B6E890BDE59CB0EFBC9B0D0A33E3808120E4B88EE4B89AE58AA1E4B8BBE7AEA1E5928CE59198E5B7A5E4BF9DE68C81E68C81E7BBADE6B29FE9809AEFBC8CE4BA86E8A7A3E99C80E6B182E5B9B6E68F90E4BE9BE8A7A3E586B3E696B9E6A188E380820D0A34E38081E585B3E6B3A8E8A18CE4B89AE79A84E58F91E5B195EFBC8CE98082E5BD93E5BC95E585A5E58588E8BF9BE69C89E69588E79A84E7AEA1E79086E6809DE683B3E5928CE6A8A1E5BC8FEFBC8CE59CA8E4B89AE58AA1E983A8E997A8E58685E68EA8E58AA8E58F98E99DA9E890BDE59CB0EFBC8CE68F90E58D87E7BB84E7BB87E69588E78E87EFBC9B0D0A35E38081E4BCA0E689BFE585ACE58FB8E69687E58C96EFBC8CE5BBBAE8AEBEE889AFE5A5BDE79A84E7BB84E7BB87E6B09BE59BB4EFBC8CE4BF9DE8AF81E7BB84E7BB87E68C81E7BBADE581A5E5BAB7E79A84E68890E995BFEFBC9B0D0AE8818CE4BD8DE8A681E6B182','鏉窞',X'31E38081E5A4A7E5ADA6E69CACE7A791E4BBA5E4B88AE5ADA6E58E86EFBC9B0D0A32E3808135E5B9B4E4BBA5E4B88AE4BABAE58A9BE8B584E6BA90E9A286E59F9FE5B7A5E4BD9CE7BB8FE9AA8CEFBC8CE7869FE68289E4BABAE58A9BE8B584E6BA90E7AEA1E79086E4BD93E7B3BBEFBC8CE5B9B6E4B894E59CA8E585B6E4B8ADE4B880E588B0E4BA8CE4B8AAE6A8A1E59D97E69C89E4B8B0E5AF8CE7BB8FE9AA8CE79A84E4BC98E58588EFBC9B0D0A33E38081E68A97E58E8BE883BDE58A9BE5BCBAEFBC8CE585B7E5A487E889AFE5A5BDE79A84E980BBE8BE91E6809DE88083E883BDE58A9BEFBC9B0D0A34E38081E69C89E8BE83E9AB98E79A84E5ADA6E4B9A0E58A9BE5928CE887AAE9A9B1E58A9B0D0A35E38081E59684E4BA8EE6B29FE9809AE4B88EE58D8FE4BD9C','2021-05-10');
INSERT INTO `positionsinfo` VALUES (31,1001,'鍗楀崕澶у','澶栧崠閰嶉€佸憳','images/defaultlogo.jpg',5,'500锟?',X'E98081E5A496E58D96','婀栧崡琛￠槼',X'E59CA8E6A0A1E5A4A7E5ADA6E7949F','2021-05-10');
INSERT INTO `positionsinfo` VALUES (32,1001,'鍗楀崕澶у','娴锋姤鍙戞斁鍛?','images/defaultlogo.jpg',5,'500锟?',X'E58F91E4BCA0E58D95','婀栧崡琛￠槼',X'E59CA8E6A0A1E5A4A7E5ADA6E7949F','2021-05-10');
INSERT INTO `positionsinfo` VALUES (33,1001,'鍗楀崕澶у','鏀堕摱鍛?','images/defaultlogo.jpg',5,'500锟?',X'E58BA4E5B7A5E58AA9E5ADA6E8B685E5B882E694B6E993B6E59198','婀栧崡琛￠槼',X'E59CA8E6A0A1E5A4A7E5ADA6E7949F','2021-05-10');
INSERT INTO `positionsinfo` VALUES (34,1001,'鍗楀崕澶у','椁愬巺鏈嶅姟鍛?','images/defaultlogo.jpg',5,'500锟?',X'E9A490E58E85E69C8DE58AA1E59198','婀栧崡琛￠槼',X'E59CA8E6A0A1E5A4A7E5ADA6E7949F','2021-05-10');
/*!40000 ALTER TABLE `positionsinfo` ENABLE KEYS */;
UNLOCK TABLES;

#
# Source for table positiontype
#

DROP TABLE IF EXISTS `positiontype`;
CREATE TABLE `positiontype` (
  `tno` int(11) NOT NULL AUTO_INCREMENT,
  `tname` varchar(100) COLLATE utf8_bin NOT NULL,
  `pic` varchar(100) COLLATE utf8_bin DEFAULT NULL,
  `status` int(11) DEFAULT NULL,
  PRIMARY KEY (`tno`)
) ENGINE=InnoDB AUTO_INCREMENT=6 DEFAULT CHARSET=utf8 COLLATE=utf8_bin;

#
# Dumping data for table positiontype
#

LOCK TABLES `positiontype` WRITE;
/*!40000 ALTER TABLE `positiontype` DISABLE KEYS */;
INSERT INTO `positiontype` VALUES (1,'鎶€鏈?','images/banner01.jpg',1);
INSERT INTO `positiontype` VALUES (2,'浜у搧','images/banner02.jpg',1);
INSERT INTO `positiontype` VALUES (3,'璁捐','images/banner03.jpg',1);
INSERT INTO `positiontype` VALUES (4,'浜轰簨','images/banner06.jpg',1);
INSERT INTO `positiontype` VALUES (5,'鍏艰亴','images/banner07.jpg',1);
/*!40000 ALTER TABLE `positiontype` ENABLE KEYS */;
UNLOCK TABLES;

#
# Source for table resumeinfo
#

DROP TABLE IF EXISTS `resumeinfo`;
CREATE TABLE `resumeinfo` (
  `rno` int(11) NOT NULL AUTO_INCREMENT,
  `nickname` varchar(100) COLLATE utf8_bin NOT NULL,
  `realName` varchar(100) COLLATE utf8_bin NOT NULL,
  `tel` varchar(15) COLLATE utf8_bin NOT NULL,
  `age` varchar(15) COLLATE utf8_bin NOT NULL,
  `email` varchar(100) COLLATE utf8_bin NOT NULL,
  `school` varchar(100) COLLATE utf8_bin NOT NULL,
  `education` varchar(100) COLLATE utf8_bin NOT NULL,
  `major` varchar(100) COLLATE utf8_bin NOT NULL,
  `rdescr` varchar(400) COLLATE utf8_bin DEFAULT NULL,
  `project` varchar(400) COLLATE utf8_bin DEFAULT NULL,
  `internship` varchar(400) COLLATE utf8_bin DEFAULT NULL,
  `skill` varchar(400) COLLATE utf8_bin DEFAULT NULL,
  `intention` varchar(100) COLLATE utf8_bin DEFAULT NULL,
  `status` int(11) DEFAULT NULL,
  PRIMARY KEY (`rno`),
  UNIQUE KEY `nickname` (`nickname`),
  UNIQUE KEY `tel` (`tel`),
  UNIQUE KEY `email` (`email`)
) ENGINE=InnoDB AUTO_INCREMENT=2 DEFAULT CHARSET=utf8 COLLATE=utf8_bin;

#
# Dumping data for table resumeinfo
#

LOCK TABLES `resumeinfo` WRITE;
/*!40000 ALTER TABLE `resumeinfo` DISABLE KEYS */;
INSERT INTO `resumeinfo` VALUES (1,'dq','閭撳己','17873443012','22','2675657329@qq.com','鍗楀崕澶у','鏈','杞欢宸ョ▼',X'E5A4A7E5AEB6E5A5BDEFBC8CE68891E698AF3137E7BAA7E8BDAFE4BBB632E78FADE79A84E98293E5BCBA',X'E59BBEE4B9A6E7AEA1E79086E7B3BBE7BB9FEFBC88535754EFBC892C204E42412073746F7265EFBC884A535020536572766C6574EFBC892C20E5A4A9E5A4A9E7949FE9B29CE7BD91E4B88AE8B4ADE789A9E59586E59F8EEFBC8853534DEFBC89E7AD89',X'E697A0',X'312E09E7869FE7BB83E68E8CE68FA14A41564120EFBC8C432B2BE7AD89E99DA2E59091E5AFB9E8B1A1E7BC96E7A88BE8AFADE8A880EFBC8CE585B7E69C89E889AFE5A5BDE79A84E7BC96E7A081E9A38EE6A0BCE5928CE7BC96E7A88BE4B9A0E683AFE38082E883BDE5AFB9E5A49AE6ACA1E9878DE5A48DE4BDBFE794A8E79A84E4BBA3E7A081E8BF9BE8A18CE5B081E8A385EFBC8CE5878FE5B091E4BBA3E7A081E58697E4BD99E38082','Java寮€鍙戝伐绋嬪笀',1);
/*!40000 ALTER TABLE `resumeinfo` ENABLE KEYS */;
UNLOCK TABLES;

#
#  Foreign keys for table favorites
#

ALTER TABLE `favorites`
ADD CONSTRAINT `FK_favorites_nickname` FOREIGN KEY (`nickname`) REFERENCES `joberinfo` (`nickname`);

#
#  Foreign keys for table positionsinfo
#

ALTER TABLE `positionsinfo`
ADD CONSTRAINT `FK_positionInfo_cno` FOREIGN KEY (`cno`) REFERENCES `companyinfo` (`cno`),
ADD CONSTRAINT `FK_positionInfo_tno` FOREIGN KEY (`tno`) REFERENCES `positiontype` (`tno`);

#
#  Foreign keys for table resumeinfo
#

ALTER TABLE `resumeinfo`
ADD CONSTRAINT `FK_resumeInfo_nickname` FOREIGN KEY (`nickname`) REFERENCES `joberinfo` (`nickname`);


/*!40014 SET FOREIGN_KEY_CHECKS=@OLD_FOREIGN_KEY_CHECKS */;
/*!40014 SET UNIQUE_CHECKS=@OLD_UNIQUE_CHECKS */;
/*!40111 SET SQL_NOTES=@OLD_SQL_NOTES */;
/*!40101 SET SQL_MODE=@OLD_SQL_MODE */;
